"sequence_id","cell_id","cell_id_unique"
"AAACCTGAGCAATCTC-1_contig_1","AAACCTGAGCAATCTC-1","AAACCTGAGCAATCTC-1"
"AAACCTGAGCAATCTC-1_contig_2","AAACCTGAGCAATCTC-1","AAACCTGAGCAATCTC-1"
"AAACCTGAGGGCTCTC-1_contig_1","AAACCTGAGGGCTCTC-1","AAACCTGAGGGCTCTC-1"
"AAACCTGAGTCAATAG-1_contig_1","AAACCTGAGTCAATAG-1","AAACCTGAGTCAATAG-1"
"AAACCTGAGTTCGATC-1_contig_1","AAACCTGAGTTCGATC-1","AAACCTGAGTTCGATC-1"
"AAACCTGAGTTCGATC-1_contig_2","AAACCTGAGTTCGATC-1","AAACCTGAGTTCGATC-1"
"AAACCTGCACATCTTT-1_contig_1","AAACCTGCACATCTTT-1","AAACCTGCACATCTTT-1"
"AAACCTGCACATCTTT-1_contig_2","AAACCTGCACATCTTT-1","AAACCTGCACATCTTT-1"
"AAACCTGCAGCCAATT-1_contig_1","AAACCTGCAGCCAATT-1","AAACCTGCAGCCAATT-1"
"AAACCTGCAGCCAATT-1_contig_2","AAACCTGCAGCCAATT-1","AAACCTGCAGCCAATT-1"
"AAACCTGCAGCCAATT-1_contig_3","AAACCTGCAGCCAATT-1","AAACCTGCAGCCAATT-1"
"AAACCTGGTACATCCA-1_contig_1","AAACCTGGTACATCCA-1","AAACCTGGTACATCCA-1"
"AAACCTGGTACATCCA-1_contig_2","AAACCTGGTACATCCA-1","AAACCTGGTACATCCA-1"
"AAACCTGGTACATCCA-1_contig_3","AAACCTGGTACATCCA-1","AAACCTGGTACATCCA-1"
"AAACCTGGTCGAACAG-1_contig_1","AAACCTGGTCGAACAG-1","AAACCTGGTCGAACAG-1"
"AAACCTGGTCGAACAG-1_contig_2","AAACCTGGTCGAACAG-1","AAACCTGGTCGAACAG-1"
"AAACCTGTCATGCAAC-1_contig_1","AAACCTGTCATGCAAC-1","AAACCTGTCATGCAAC-1"
"AAACCTGTCATGCAAC-1_contig_2","AAACCTGTCATGCAAC-1","AAACCTGTCATGCAAC-1"
"AAACCTGTCATTGCCC-1_contig_1","AAACCTGTCATTGCCC-1","AAACCTGTCATTGCCC-1"
"AAACCTGTCATTGCCC-1_contig_2","AAACCTGTCATTGCCC-1","AAACCTGTCATTGCCC-1"
"AAACCTGTCATTGCCC-1_contig_3","AAACCTGTCATTGCCC-1","AAACCTGTCATTGCCC-1"
"AAACCTGTCCTAGAAC-1_contig_1","AAACCTGTCCTAGAAC-1","AAACCTGTCCTAGAAC-1"
"AAACCTGTCTCGTATT-1_contig_1","AAACCTGTCTCGTATT-1","AAACCTGTCTCGTATT-1"
"AAACCTGTCTCGTATT-1_contig_2","AAACCTGTCTCGTATT-1","AAACCTGTCTCGTATT-1"
"AAACGGGAGAGATGAG-1_contig_1","AAACGGGAGAGATGAG-1","AAACGGGAGAGATGAG-1"
"AAACGGGAGGGTTTCT-1_contig_1","AAACGGGAGGGTTTCT-1","AAACGGGAGGGTTTCT-1"
"AAACGGGAGGGTTTCT-1_contig_2","AAACGGGAGGGTTTCT-1","AAACGGGAGGGTTTCT-1"
"AAACGGGCAGCTTCGG-1_contig_1","AAACGGGCAGCTTCGG-1","AAACGGGCAGCTTCGG-1"
"AAACGGGCAGCTTCGG-1_contig_2","AAACGGGCAGCTTCGG-1","AAACGGGCAGCTTCGG-1"
"AAACGGGGTCATATCG-1_contig_2","AAACGGGGTCATATCG-1","AAACGGGGTCATATCG-1"
"AAACGGGGTCTCCACT-1_contig_1","AAACGGGGTCTCCACT-1","AAACGGGGTCTCCACT-1"
"AAACGGGGTCTCCACT-1_contig_3","AAACGGGGTCTCCACT-1","AAACGGGGTCTCCACT-1"
"AAACGGGGTCTCCACT-1_contig_4","AAACGGGGTCTCCACT-1","AAACGGGGTCTCCACT-1"
"AAACGGGTCAACGGCC-1_contig_1","AAACGGGTCAACGGCC-1","AAACGGGTCAACGGCC-1"
"AAACGGGTCAACGGCC-1_contig_2","AAACGGGTCAACGGCC-1","AAACGGGTCAACGGCC-1"
"AAACGGGTCTGGCGAC-1_contig_1","AAACGGGTCTGGCGAC-1","AAACGGGTCTGGCGAC-1"
"AAAGATGAGGATGTAT-1_contig_1","AAAGATGAGGATGTAT-1","AAAGATGAGGATGTAT-1"
"AAAGATGAGGATGTAT-1_contig_2","AAAGATGAGGATGTAT-1","AAAGATGAGGATGTAT-1"
"AAAGATGAGGTCGGAT-1_contig_1","AAAGATGAGGTCGGAT-1","AAAGATGAGGTCGGAT-1"
"AAAGATGAGGTCGGAT-1_contig_2","AAAGATGAGGTCGGAT-1","AAAGATGAGGTCGGAT-1"
"AAAGATGAGGTCGGAT-1_contig_4","AAAGATGAGGTCGGAT-1","AAAGATGAGGTCGGAT-1"
"AAAGATGAGTCCAGGA-1_contig_1","AAAGATGAGTCCAGGA-1","AAAGATGAGTCCAGGA-1"
"AAAGATGAGTCCAGGA-1_contig_2","AAAGATGAGTCCAGGA-1","AAAGATGAGTCCAGGA-1"
"AAAGATGAGTGGGTTG-1_contig_1","AAAGATGAGTGGGTTG-1","AAAGATGAGTGGGTTG-1"
"AAAGATGAGTGGGTTG-1_contig_2","AAAGATGAGTGGGTTG-1","AAAGATGAGTGGGTTG-1"
"AAAGATGAGTGTCTCA-1_contig_1","AAAGATGAGTGTCTCA-1","AAAGATGAGTGTCTCA-1"
"AAAGATGAGTTGTCGT-1_contig_1","AAAGATGAGTTGTCGT-1","AAAGATGAGTTGTCGT-1"
"AAAGATGAGTTGTCGT-1_contig_2","AAAGATGAGTTGTCGT-1","AAAGATGAGTTGTCGT-1"
"AAAGATGCAGGAACGT-1_contig_1","AAAGATGCAGGAACGT-1","AAAGATGCAGGAACGT-1"
"AAAGATGCAGGAACGT-1_contig_2","AAAGATGCAGGAACGT-1","AAAGATGCAGGAACGT-1"
"AAAGATGCATAACCTG-1_contig_1","AAAGATGCATAACCTG-1","AAAGATGCATAACCTG-1"
"AAAGATGCATAACCTG-1_contig_2","AAAGATGCATAACCTG-1","AAAGATGCATAACCTG-1"
"AAAGATGGTGCCTGCA-1_contig_1","AAAGATGGTGCCTGCA-1","AAAGATGGTGCCTGCA-1"
"AAAGATGTCAACACAC-1_contig_1","AAAGATGTCAACACAC-1","AAAGATGTCAACACAC-1"
"AAAGCAACAACTGCGC-1_contig_1","AAAGCAACAACTGCGC-1","AAAGCAACAACTGCGC-1"
"AAAGCAACAAGTCTGT-1_contig_1","AAAGCAACAAGTCTGT-1","AAAGCAACAAGTCTGT-1"
"AAAGCAACAAGTCTGT-1_contig_2","AAAGCAACAAGTCTGT-1","AAAGCAACAAGTCTGT-1"
"AAAGCAACACCTTGTC-1_contig_1","AAAGCAACACCTTGTC-1","AAAGCAACACCTTGTC-1"
"AAAGCAAGTAAGCACG-1_contig_1","AAAGCAAGTAAGCACG-1","AAAGCAAGTAAGCACG-1"
"AAAGCAAGTAAGCACG-1_contig_2","AAAGCAAGTAAGCACG-1","AAAGCAAGTAAGCACG-1"
"AAAGCAAGTCAGAGGT-1_contig_1","AAAGCAAGTCAGAGGT-1","AAAGCAAGTCAGAGGT-1"
"AAAGCAAGTCAGAGGT-1_contig_2","AAAGCAAGTCAGAGGT-1","AAAGCAAGTCAGAGGT-1"
"AAAGCAAGTCTAAAGA-1_contig_1","AAAGCAAGTCTAAAGA-1","AAAGCAAGTCTAAAGA-1"
"AAAGCAAGTCTAAAGA-1_contig_2","AAAGCAAGTCTAAAGA-1","AAAGCAAGTCTAAAGA-1"
"AAAGCAATCGCCTGTT-1_contig_1","AAAGCAATCGCCTGTT-1","AAAGCAATCGCCTGTT-1"
"AAAGCAATCTGGCGAC-1_contig_1","AAAGCAATCTGGCGAC-1","AAAGCAATCTGGCGAC-1"
"AAAGCAATCTGGCGAC-1_contig_2","AAAGCAATCTGGCGAC-1","AAAGCAATCTGGCGAC-1"
"AAAGTAGCAATACGCT-1_contig_1","AAAGTAGCAATACGCT-1","AAAGTAGCAATACGCT-1"
"AAAGTAGCAATACGCT-1_contig_2","AAAGTAGCAATACGCT-1","AAAGTAGCAATACGCT-1"
"AAAGTAGCACTTAAGC-1_contig_1","AAAGTAGCACTTAAGC-1","AAAGTAGCACTTAAGC-1"
"AAAGTAGCACTTAAGC-1_contig_2","AAAGTAGCACTTAAGC-1","AAAGTAGCACTTAAGC-1"
"AAAGTAGCATCAGTAC-1_contig_1","AAAGTAGCATCAGTAC-1","AAAGTAGCATCAGTAC-1"
"AAAGTAGCATCAGTAC-1_contig_2","AAAGTAGCATCAGTAC-1","AAAGTAGCATCAGTAC-1"
"AAAGTAGGTCAAAGAT-1_contig_1","AAAGTAGGTCAAAGAT-1","AAAGTAGGTCAAAGAT-1"
"AAAGTAGTCACCTTAT-1_contig_1","AAAGTAGTCACCTTAT-1","AAAGTAGTCACCTTAT-1"
"AAAGTAGTCGCATGAT-1_contig_2","AAAGTAGTCGCATGAT-1","AAAGTAGTCGCATGAT-1"
"AAAGTAGTCGCCATAA-1_contig_1","AAAGTAGTCGCCATAA-1","AAAGTAGTCGCCATAA-1"
"AAAGTAGTCGCCATAA-1_contig_3","AAAGTAGTCGCCATAA-1","AAAGTAGTCGCCATAA-1"
"AAAGTAGTCGCCTGAG-1_contig_1","AAAGTAGTCGCCTGAG-1","AAAGTAGTCGCCTGAG-1"
"AAAGTAGTCGCCTGAG-1_contig_2","AAAGTAGTCGCCTGAG-1","AAAGTAGTCGCCTGAG-1"
"AAAGTAGTCTCTAAGG-1_contig_1","AAAGTAGTCTCTAAGG-1","AAAGTAGTCTCTAAGG-1"
"AAAGTAGTCTCTAAGG-1_contig_2","AAAGTAGTCTCTAAGG-1","AAAGTAGTCTCTAAGG-1"
"AAATGCCAGCCAGTAG-1_contig_1","AAATGCCAGCCAGTAG-1","AAATGCCAGCCAGTAG-1"
"AAATGCCAGCCAGTAG-1_contig_2","AAATGCCAGCCAGTAG-1","AAATGCCAGCCAGTAG-1"
"AAATGCCAGCCGATTT-1_contig_1","AAATGCCAGCCGATTT-1","AAATGCCAGCCGATTT-1"
"AAATGCCAGCCGATTT-1_contig_2","AAATGCCAGCCGATTT-1","AAATGCCAGCCGATTT-1"
"AAATGCCAGTTCGCGC-1_contig_1","AAATGCCAGTTCGCGC-1","AAATGCCAGTTCGCGC-1"
"AAATGCCCAGATGGCA-1_contig_1","AAATGCCCAGATGGCA-1","AAATGCCCAGATGGCA-1"
"AAATGCCCAGATGGCA-1_contig_2","AAATGCCCAGATGGCA-1","AAATGCCCAGATGGCA-1"
"AAATGCCGTAAGGGAA-1_contig_1","AAATGCCGTAAGGGAA-1","AAATGCCGTAAGGGAA-1"
"AAATGCCGTCGCGTGT-1_contig_1","AAATGCCGTCGCGTGT-1","AAATGCCGTCGCGTGT-1"
"AAATGCCGTCGCGTGT-1_contig_2","AAATGCCGTCGCGTGT-1","AAATGCCGTCGCGTGT-1"
"AAATGCCGTCTGATTG-1_contig_1","AAATGCCGTCTGATTG-1","AAATGCCGTCTGATTG-1"
"AAATGCCGTCTGATTG-1_contig_2","AAATGCCGTCTGATTG-1","AAATGCCGTCTGATTG-1"
"AAATGCCTCGAGCCCA-1_contig_1","AAATGCCTCGAGCCCA-1","AAATGCCTCGAGCCCA-1"
"AAATGCCTCGAGCCCA-1_contig_2","AAATGCCTCGAGCCCA-1","AAATGCCTCGAGCCCA-1"
"AAATGCCTCTGAGGGA-1_contig_2","AAATGCCTCTGAGGGA-1","AAATGCCTCTGAGGGA-1"
"AAATGCCTCTGAGGGA-1_contig_3","AAATGCCTCTGAGGGA-1","AAATGCCTCTGAGGGA-1"
"AAATGCCTCTGAGGGA-1_contig_4","AAATGCCTCTGAGGGA-1","AAATGCCTCTGAGGGA-1"
"AACACGTAGACTCGGA-1_contig_1","AACACGTAGACTCGGA-1","AACACGTAGACTCGGA-1"
