"cell_id_unique","n_total","IGH","IGK","IGL"
"AAACCTGAGCAATCTC-1",2,1,0,1
"AAACCTGAGTTCGATC-1",2,1,1,0
"AAACCTGCACATCTTT-1",2,1,1,0
"AAACCTGCAGCCAATT-1",3,1,0,2
"AAACCTGGTACATCCA-1",3,1,1,1
"AAACCTGGTCGAACAG-1",2,1,1,0
"AAACCTGTCATGCAAC-1",2,1,1,0
"AAACCTGTCATTGCCC-1",3,1,1,1
"AAACCTGTCTCGTATT-1",2,1,1,0
"AAACGGGAGGGTTTCT-1",2,1,0,1
"AAACGGGCAGCTTCGG-1",2,1,1,0
"AAACGGGTCAACGGCC-1",2,1,1,0
"AAAGATGAGGATGTAT-1",2,1,1,0
"AAAGATGAGGTCGGAT-1",3,1,1,1
"AAAGATGAGTCCAGGA-1",2,1,1,0
"AAAGATGAGTGGGTTG-1",2,1,0,1
"AAAGATGAGTTGTCGT-1",2,1,1,0
"AAAGATGCAGGAACGT-1",2,1,1,0
"AAAGATGCATAACCTG-1",2,1,0,1
"AAAGCAACAAGTCTGT-1",2,1,0,1
"AAAGCAAGTAAGCACG-1",2,1,1,0
"AAAGCAAGTCAGAGGT-1",2,1,0,1
"AAAGCAAGTCTAAAGA-1",2,1,1,0
"AAAGCAATCTGGCGAC-1",2,1,0,1
"AAAGTAGCAATACGCT-1",2,1,0,1
"AAAGTAGCACTTAAGC-1",2,1,1,0
"AAAGTAGCATCAGTAC-1",2,1,1,0
"AAAGTAGTCGCCATAA-1",2,1,0,1
"AAAGTAGTCGCCTGAG-1",2,1,1,0
"AAAGTAGTCTCTAAGG-1",2,1,1,0
"AAATGCCAGCCAGTAG-1",2,1,0,1
"AAATGCCAGCCGATTT-1",2,1,0,1
"AAATGCCCAGATGGCA-1",2,1,1,0
"AAATGCCGTCGCGTGT-1",2,1,1,0
"AAATGCCGTCTGATTG-1",2,1,1,0
"AAATGCCTCGAGCCCA-1",2,1,0,1
"AAATGCCTCTGAGGGA-1",3,1,2,0
"AACACGTAGACTCGGA-1",2,1,0,1
"AACACGTAGTGGTAAT-1",2,1,0,1
"AACACGTAGTTGTCGT-1",2,1,1,0
"AACACGTCAACTTGAC-1",2,1,0,1
"AACACGTGTCCAGTTA-1",3,1,1,1
"AACACGTGTCTACCTC-1",3,1,2,0
"AACACGTTCAGGCCCA-1",2,1,0,1
"AACACGTTCCGCGGTA-1",2,1,0,1
"AACACGTTCTCCCTGA-1",2,1,1,0
"AACCATGAGAACTCGG-1",2,1,0,1
"AACCATGGTAGGCATG-1",2,1,1,0
"AACCATGGTCAAGCGA-1",2,1,1,0
"AACCATGTCACATGCA-1",3,1,1,1
"AACCATGTCTCTGCTG-1",2,1,0,1
"AACCGCGAGAAACCGC-1",2,1,1,0
"AACCGCGAGAGTACCG-1",2,1,0,1
"AACCGCGCATTCCTGC-1",2,1,1,0
"AACCGCGCATTCGACA-1",2,1,1,0
"AACCGCGGTAGAAAGG-1",2,1,1,0
"AACCGCGGTCTTGATG-1",2,1,1,0
"AACCGCGGTGCATCTA-1",2,1,1,0
"AACCGCGTCACCTTAT-1",2,1,1,0
"AACCGCGTCCTAGTGA-1",2,1,1,0
"AACCGCGTCGATAGAA-1",2,1,0,1
"AACCGCGTCTGTTTGT-1",2,1,1,0
"AACGTTGGTCTGCAAT-1",2,1,1,0
"AACGTTGGTTGATTCG-1",2,1,1,0
"AACGTTGTCAGTGCAT-1",2,1,1,0
"AACTCAGAGTGTACTC-1",2,1,0,1
"AACTCAGCACACGCTG-1",3,1,1,1
"AACTCAGCATTCCTGC-1",2,1,0,1
"AACTCAGGTCAGAATA-1",2,1,1,0
"AACTCAGTCACATGCA-1",2,1,1,0
"AACTCAGTCAGATAAG-1",2,1,1,0
"AACTCAGTCCCTTGTG-1",2,1,1,0
"AACTCCCAGGATATAC-1",2,1,0,1
"AACTCCCAGTGGTCCC-1",2,1,1,0
"AACTCCCCACCAGATT-1",2,1,0,1
"AACTCCCCAGTATGCT-1",2,1,0,1
"AACTCCCGTAAACACA-1",2,1,1,0
"AACTCCCGTCTCGTTC-1",2,1,1,0
"AACTCCCGTGCGAAAC-1",2,1,0,1
"AACTCCCGTTACGTCA-1",2,1,1,0
"AACTCCCTCAATAAGG-1",2,1,0,1
"AACTCCCTCCGCATCT-1",2,1,1,0
"AACTCTTAGAATAGGG-1",2,1,0,1
"AACTCTTAGCAGGCTA-1",2,1,0,1
"AACTCTTAGCTGCAAG-1",3,1,2,0
"AACTCTTAGTCCATAC-1",2,1,1,0
"AACTCTTCAGGGTATG-1",2,1,1,0
"AACTCTTCAGTGAGTG-1",3,1,2,0
"AACTCTTGTAAATGAC-1",3,1,0,2
"AACTCTTTCGAATCCA-1",2,1,0,1
"AACTCTTTCTGCAGTA-1",2,1,0,1
"AACTGGTAGTAACCCT-1",2,1,1,0
"AACTGGTCAAACGTGG-1",2,1,1,0
"AACTGGTCACAGTCGC-1",2,1,0,1
"AACTGGTCACCATCCT-1",2,1,1,0
"AACTGGTGTATCTGCA-1",2,1,0,1
"AACTGGTGTCCAACTA-1",2,1,1,0
"AACTGGTGTCGACTGC-1",2,1,1,0
"AACTGGTTCTTAGAGC-1",2,1,1,0
"AACTTTCAGAGTAATC-1",2,1,0,1
"AACTTTCAGGTTCCTA-1",2,1,0,1
"AACTTTCGTGCCTGGT-1",2,1,1,0
"AACTTTCGTTCGTTGA-1",2,1,1,0
"AACTTTCTCAACCAAC-1",2,1,1,0
"AACTTTCTCACCTTAT-1",2,1,0,1
"AACTTTCTCCTTTACA-1",2,1,1,0
"AACTTTCTCTAGCACA-1",2,1,1,0
"AAGACCTAGAATTCCC-1",2,1,0,1
"AAGACCTAGACACGAC-1",2,1,0,1
"AAGACCTAGGATGTAT-1",2,1,0,1
"AAGACCTAGTCGCCGT-1",2,1,1,0
"AAGACCTGTCATACTG-1",2,1,1,0
"AAGACCTTCGGAAACG-1",2,1,0,1
"AAGCCGCCACCAGGCT-1",2,1,1,0
"AAGCCGCCACGGTAGA-1",2,1,0,1
"AAGCCGCCATATGCTG-1",3,1,2,0
"AAGCCGCGTAAATACG-1",2,1,1,0
"AAGGAGCAGAGCTATA-1",2,1,1,0
"AAGGAGCCAAGAAGAG-1",2,1,1,0
"AAGGAGCCAATACGCT-1",2,1,0,1
"AAGGAGCCAATGGACG-1",2,1,0,1
"AAGGAGCCAGTCGATT-1",2,1,0,1
"AAGGAGCGTTACCGAT-1",2,1,0,1
"AAGGAGCTCGCCATAA-1",2,1,0,1
"AAGGCAGAGACGCACA-1",2,1,1,0
"AAGGCAGAGCCAGTTT-1",3,1,1,1
"AAGGCAGCATGCGCAC-1",2,1,1,0
"AAGGCAGGTACAGTGG-1",2,1,0,1
"AAGGCAGGTATGAATG-1",2,1,1,0
"AAGGCAGGTGTTTGTG-1",2,1,1,0
"AAGGCAGTCTGTTGAG-1",2,1,1,0
"AAGGTTCAGCTAAACA-1",2,1,1,0
"AAGGTTCCAAGCGTAG-1",2,1,1,0
"AAGGTTCCATTTCAGG-1",2,1,1,0
"AAGTCTGAGAATCTCC-1",2,1,1,0
"AAGTCTGAGAGGACGG-1",2,1,0,1
"AAGTCTGAGCAGGTCA-1",2,1,1,0
"AAGTCTGAGGCTACGA-1",2,1,1,0
"AAGTCTGAGTAGCGGT-1",2,1,0,1
"AAGTCTGAGTGTACCT-1",2,1,1,0
"AAGTCTGCACTTAAGC-1",2,1,0,1
"AAGTCTGCATCCGCGA-1",2,1,1,0
"AAGTCTGCATGCAACT-1",2,1,1,0
"AAGTCTGCATTGGGCC-1",2,1,1,0
"AAGTCTGTCACCTTAT-1",2,1,0,1
"AAGTCTGTCTGCTGTC-1",3,1,1,1
"AATCCAGAGTAGGTGC-1",2,1,1,0
"AATCCAGGTATCAGTC-1",2,1,1,0
"AATCCAGGTGAAAGAG-1",2,1,1,0
"AATCCAGGTTCTGGTA-1",2,1,0,1
"AATCCAGTCTGTACGA-1",2,1,1,0
"AATCGGTAGGAGTTTA-1",2,1,0,1
"AATCGGTCACGTCAGC-1",2,1,0,1
"AATCGGTGTAGCGTAG-1",2,1,1,0
"AATCGGTGTCGCGTGT-1",2,1,0,1
"AATCGGTGTGTCGCTG-1",2,1,0,1
"AATCGGTTCAACACCA-1",2,1,1,0
"AATCGGTTCAAGCCTA-1",2,1,0,1
"AATCGGTTCGCCTGTT-1",2,1,1,0
"ACACCAAAGACCCACC-1",2,1,0,1
"ACACCAAAGGCAAAGA-1",3,1,1,1
"ACACCAACAAACCTAC-1",2,1,1,0
"ACACCAACAACAACCT-1",2,1,1,0
"ACACCAACAAGTACCT-1",2,1,0,1
"ACACCAACAAGTTCTG-1",2,1,1,0
"ACACCAACACCGGAAA-1",2,1,1,0
"ACACCAACACTCGACG-1",2,1,1,0
"ACACCAAGTTCCACGG-1",2,1,1,0
"ACACCAAGTTCCGTCT-1",3,1,1,1
"ACACCAATCCTTGACC-1",2,1,1,0
"ACACCCTAGAGGTTGC-1",2,1,1,0
"ACACCCTAGCAAATCA-1",2,1,0,1
"ACACCCTCAAGTTAAG-1",2,1,1,0
"ACACCCTTCAAACAAG-1",2,1,1,0
"ACACCCTTCCTAGGGC-1",2,1,0,1
"ACACCGGAGAAGCCCA-1",2,1,1,0
"ACACCGGAGCACAGGT-1",2,1,1,0
"ACACCGGAGCCAGGAT-1",3,1,1,1
"ACACCGGAGCTCCCAG-1",2,1,0,1
"ACACCGGAGTGACTCT-1",2,1,1,0
"ACACCGGGTACGAAAT-1",2,1,1,0
"ACACCGGGTCCGTCAG-1",2,1,0,1
"ACACTGAAGAATGTTG-1",2,1,1,0
"ACACTGAAGTCTCCTC-1",2,1,0,1
"ACACTGACAAAGTGCG-1",2,1,1,0
"ACACTGACAATGAATG-1",2,1,1,0
"ACACTGACACATGGGA-1",2,1,1,0
"ACACTGACAGGTCCAC-1",2,1,1,0
"ACACTGAGTGTTGGGA-1",2,1,0,1
"ACACTGAGTTCCACAA-1",2,1,0,1
"ACACTGATCTCAAGTG-1",2,1,1,0
"ACAGCCGAGATCCTGT-1",2,1,1,0
"ACAGCCGAGTGTACCT-1",2,1,1,0
"ACAGCCGGTCATGCAT-1",2,1,0,1
"ACAGCCGTCATATCGG-1",2,1,0,1
"ACAGCCGTCCACGCAG-1",2,1,0,1
"ACAGCTAAGAATCTCC-1",2,1,1,0
"ACAGCTAAGACTGGGT-1",2,1,1,0
"ACAGCTAAGTTACCCA-1",2,1,0,1
"ACAGCTACAAGTTAAG-1",2,1,1,0
"ACAGCTACACCTGGTG-1",2,1,1,0
"ACAGCTACAGCTGCTG-1",2,1,1,0
"ACAGCTACATTTGCCC-1",2,1,0,1
"ACAGCTAGTGTGGTTT-1",2,1,1,0
"ACAGCTAGTTCGTTGA-1",2,1,1,0
"ACAGCTATCCGTACAA-1",2,1,1,0
"ACAGCTATCGGCGGTT-1",2,1,1,0
"ACATACGAGAATTGTG-1",2,1,1,0
"ACATACGCAGTAAGAT-1",2,1,0,1
"ACATACGCATCGGTTA-1",2,1,0,1
"ACATCAGCAGCCTTGG-1",2,1,1,0
"ACATCAGCAGCTCCGA-1",2,1,0,1
"ACATCAGTCAGCCTAA-1",2,1,1,0
"ACATCAGTCTCACATT-1",2,1,1,0
"ACATGGTAGCTAACTC-1",2,1,1,0
"ACATGGTTCAGCATGT-1",2,1,0,1
"ACATGGTTCCATGCTC-1",2,1,1,0
"ACATGGTTCCGCAGTG-1",3,1,1,1
"ACATGGTTCTAACTGG-1",2,1,0,1
"ACCAGTAAGTTTCCTT-1",2,1,1,0
"ACCAGTACAAGTAGTA-1",2,1,1,0
"ACCAGTACACAGAGGT-1",2,1,1,0
"ACCAGTACAGCGTCCA-1",2,1,1,0
"ACCAGTACATACAGCT-1",2,1,0,1
"ACCAGTAGTTGTCGCG-1",2,1,0,1
"ACCAGTATCGACAGCC-1",2,1,1,0
"ACCCACTAGCACAGGT-1",2,1,1,0
"ACCCACTAGTACGACG-1",2,1,1,0
"ACCCACTGTAGATTAG-1",3,1,2,0
"ACCCACTGTAGCTCCG-1",2,1,1,0
"ACCCACTTCGAACTGT-1",2,1,1,0
"ACCCACTTCGGGAGTA-1",2,1,0,1
"ACCCACTTCGTCTGAA-1",2,1,1,0
"ACCCACTTCGTGGTCG-1",2,1,0,1
"ACCGTAAAGACATAAC-1",2,1,1,0
"ACCGTAAAGAGCTTCT-1",2,1,1,0
"ACCGTAAAGGAGCGAG-1",2,1,0,1
"ACCGTAAAGGCATGTG-1",2,1,1,0
"ACCGTAAAGTGGCACA-1",2,1,1,0
"ACCGTAACAAAGCGGT-1",2,1,1,0
"ACCGTAACACGAAACG-1",2,1,0,1
"ACCGTAATCGATGAGG-1",2,1,0,1
"ACCGTAATCTTAGCCC-1",3,1,2,0
"ACCGTAATCTTTAGGG-1",2,1,0,1
"ACCTTTAAGAATAGGG-1",2,1,0,1
"ACCTTTAAGCCACCTG-1",2,1,1,0
"ACCTTTACACCCAGTG-1",2,1,0,1
"ACCTTTACACGTTGGC-1",2,1,0,1
"ACCTTTACAGCTGCTG-1",2,1,0,1
"ACCTTTAGTACCAGTT-1",2,1,1,0
"ACCTTTAGTGCCTGGT-1",2,1,1,0
"ACCTTTATCTCAAGTG-1",2,1,1,0
"ACCTTTATCTCTAGGA-1",2,1,1,0
"ACCTTTATCTGAGGGA-1",2,1,1,0
"ACGAGCCAGACCTTTG-1",2,1,0,1
"ACGAGCCCAGGGAGAG-1",2,1,1,0
"ACGAGCCCATCAGTAC-1",2,1,1,0
"ACGAGCCGTGATGATA-1",2,1,0,1
"ACGAGGAAGCGATGAC-1",2,1,1,0
"ACGAGGAAGTGCCATT-1",2,1,0,1
"ACGAGGACAATCCGAT-1",2,1,1,0
"ACGAGGACATCCCATC-1",2,1,1,0
"ACGAGGAGTGAGGGTT-1",2,1,0,1
"ACGAGGATCCGCGTTT-1",2,1,1,0
"ACGATACAGCGCTTAT-1",2,1,1,0
"ACGATACAGGTAGCCA-1",2,1,0,1
"ACGATACCAAATTGCC-1",2,1,1,0
"ACGATACCATATACGC-1",2,1,1,0
"ACGATACCATGGAATA-1",2,1,0,1
"ACGATACGTAAGTTCC-1",2,1,1,0
"ACGATACGTACTCAAC-1",2,1,0,1
"ACGATACTCCTTTCGG-1",2,1,0,1
"ACGATGTAGGCCCTTG-1",2,1,1,0
"ACGATGTAGGTGATAT-1",2,1,1,0
"ACGATGTCAGCTGCAC-1",2,1,1,0
"ACGATGTGTACCCAAT-1",2,1,1,0
"ACGATGTGTACTTCTT-1",2,1,1,0
"ACGATGTGTTCACGGC-1",2,1,0,1
"ACGATGTGTTGCTCCT-1",2,1,0,1
"ACGATGTTCCCGGATG-1",2,1,0,1
"ACGCAGCAGGGAACGG-1",2,1,0,1
"ACGCAGCAGTAATCCC-1",2,1,1,0
"ACGCAGCCACTTGGAT-1",2,1,1,0
"ACGCAGCGTGCAACTT-1",2,1,1,0
"ACGCAGCTCTCGTATT-1",2,1,0,1
"ACGCCAGCAACACCTA-1",2,1,1,0
"ACGCCAGCACCTATCC-1",2,1,1,0
"ACGCCAGTCCAGGGCT-1",2,1,1,0
"ACGCCAGTCTCGTATT-1",2,1,1,0
"ACGCCAGTCTGCTGTC-1",2,1,1,0
"ACGCCGAAGAAGGTTT-1",2,1,0,1
"ACGCCGAAGTCTCAAC-1",2,1,1,0
"ACGCCGACAAGTTAAG-1",2,1,1,0
"ACGCCGACAGTGACAG-1",2,1,0,1
"ACGCCGACATCTCCCA-1",2,1,1,0
"ACGCCGACATTAACCG-1",2,1,1,0
"ACGCCGAGTAGCGCAA-1",3,1,1,1
"ACGCCGATCATTTGGG-1",2,1,1,0
"ACGCCGATCCGAAGAG-1",2,1,0,1
"ACGGAGAAGAAACGAG-1",2,1,0,1
"ACGGAGAGTAGTACCT-1",2,1,1,0
"ACGGAGAGTTCCACTC-1",2,1,0,1
"ACGGAGATCTCCGGTT-1",2,1,0,1
"ACGGCCACACCCAGTG-1",2,1,1,0
"ACGGCCACATTCCTGC-1",2,1,1,0
"ACGGCCATCCAAACAC-1",2,1,0,1
"ACGGCCATCCTAGTGA-1",2,1,0,1
"ACGGGCTAGCGTCTAT-1",2,1,1,0
"ACGGGCTAGGCAATTA-1",2,1,1,0
"ACGGGCTCAGCCTGTG-1",2,1,1,0
"ACGGGCTCAGCGATCC-1",2,1,0,1
"ACGGGCTGTGTATGGG-1",2,1,0,1
"ACGGGCTGTTTGTTTC-1",2,1,1,0
"ACGGGCTTCAGCTTAG-1",2,1,1,0
"ACGGGTCCAGTCGATT-1",2,1,0,1
"ACGGGTCCATCATCCC-1",2,1,0,1
"ACGGGTCCATTACCTT-1",2,1,0,1
"ACGGGTCGTACCATCA-1",2,1,0,1
"ACGGGTCGTCTAAAGA-1",2,1,1,0
"ACGTCAAAGAAAGTGG-1",2,1,0,1
"ACGTCAAAGACTTGAA-1",2,1,1,0
"ACGTCAACACCGAAAG-1",2,1,0,1
"ACGTCAACAGTTAACC-1",2,1,0,1
"ACGTCAAGTACCGGCT-1",2,1,1,0
"ACGTCAAGTCGCGAAA-1",2,1,0,1
"ACGTCAAGTTCGCTAA-1",2,1,0,1
"ACGTCAATCACCGGGT-1",2,1,0,1
"ACGTCAATCCAGGGCT-1",2,1,1,0
"ACGTCAATCGGCATCG-1",2,1,1,0
"ACTATCTAGACAGACC-1",2,1,1,0
"ACTATCTAGCCGGTAA-1",2,1,1,0
"ACTATCTAGTGGGATC-1",2,1,1,0
"ACTATCTCACAGGCCT-1",2,1,0,1
"ACTATCTCACCTCGTT-1",2,1,0,1
"ACTATCTCAGCCAGAA-1",2,1,1,0
"ACTATCTGTATAGGGC-1",2,1,0,1
"ACTATCTGTGTGACGA-1",3,1,2,0
"ACTGAACAGGACAGCT-1",2,1,0,1
"ACTGAACAGTGAAGAG-1",2,1,1,0
"ACTGAACCACAGGTTT-1",2,1,1,0
"ACTGAACCATTACGAC-1",2,1,1,0
"ACTGAACGTACCGAGA-1",2,1,0,1
"ACTGAACGTTATCCGA-1",2,1,1,0
"ACTGAACTCGTACCGG-1",2,1,0,1
"ACTGAGTAGGGTATCG-1",2,1,1,0
"ACTGAGTAGTGCAAGC-1",2,1,1,0
"ACTGAGTCAAACAACA-1",2,1,1,0
"ACTGAGTCACCCTATC-1",2,1,0,1
"ACTGAGTGTATAGGGC-1",2,1,1,0
"ACTGAGTGTGCGATAG-1",2,1,0,1
"ACTGAGTGTTAGATGA-1",2,1,1,0
"ACTGAGTGTTTACTCT-1",2,1,1,0
"ACTGAGTTCCACGCAG-1",2,1,0,1
"ACTGAGTTCGCGTTTC-1",2,1,1,0
"ACTGAGTTCTTTAGGG-1",2,1,1,0
"ACTGATGAGAAACGCC-1",2,1,1,0
"ACTGATGAGAAGGACA-1",2,1,0,1
"ACTGATGAGGGTCTCC-1",2,1,1,0
"ACTGATGCAGCAGTTT-1",2,1,1,0
"ACTGATGCATGTAGTC-1",2,1,1,0
"ACTGATGGTAAGTTCC-1",2,1,1,0
"ACTGATGGTCCGTGAC-1",2,1,0,1
"ACTGATGTCGCGTTTC-1",2,1,0,1
"ACTGCTCAGCCGATTT-1",2,1,1,0
"ACTGCTCCAAGCGCTC-1",2,1,0,1
"ACTGCTCCAATGGAGC-1",2,1,0,1
"ACTGCTCCACAAGACG-1",2,1,1,0
"ACTGCTCCAGTCGATT-1",2,1,1,0
"ACTGCTCGTACCCAAT-1",2,1,0,1
"ACTGCTCGTTAAAGTG-1",2,1,1,0
"ACTGCTCTCTTTACAC-1",2,1,1,0
"ACTGTCCAGGTAGCTG-1",2,1,1,0
"ACTGTCCCACTATCTT-1",2,1,1,0
"ACTGTCCCAGGACGTA-1",2,1,0,1
"ACTGTCCTCCGCAGTG-1",2,1,1,0
"ACTGTCCTCTCACATT-1",2,1,0,1
"ACTTACTAGATGGGTC-1",2,1,0,1
"ACTTACTAGGCTCAGA-1",2,1,1,0
"ACTTACTGTCTGCGGT-1",2,1,0,1
"ACTTGTTAGCACAGGT-1",2,1,1,0
"ACTTGTTAGGGTTTCT-1",2,1,0,1
"ACTTGTTAGTACGCCC-1",2,1,0,1
"ACTTGTTAGTGTGGCA-1",2,1,1,0
"ACTTGTTCACCGTTGG-1",2,1,0,1
"ACTTGTTTCTTCTGGC-1",2,1,1,0
"ACTTTCAAGGGATCTG-1",2,1,1,0
"ACTTTCAAGTCGTACT-1",2,1,1,0
"ACTTTCACAAAGCAAT-1",2,1,1,0
"ACTTTCACAGGGCATA-1",3,1,2,0
"ACTTTCAGTGCAGACA-1",2,1,1,0
"ACTTTCATCAAACGGG-1",2,1,1,0
"ACTTTCATCAAGATCC-1",2,1,0,1
"ACTTTCATCGCAAGCC-1",2,1,1,0
"AGAATAGAGACTAGAT-1",2,1,1,0
"AGAATAGAGATGTGGC-1",2,1,1,0
"AGAATAGAGTGAAGAG-1",2,1,1,0
"AGAATAGCAAACTGCT-1",2,1,0,1
"AGAATAGCACCGCTAG-1",2,1,0,1
"AGAATAGGTTCACCTC-1",2,1,1,0
"AGAATAGTCCATGAGT-1",2,1,0,1
"AGAATAGTCCGTTGCT-1",2,1,1,0
"AGAATAGTCTAACCGA-1",2,1,0,1
"AGACGTTAGGAACTGC-1",2,1,1,0
"AGACGTTAGGCCCTTG-1",2,1,1,0
"AGACGTTAGTAAGTAC-1",2,1,1,0
"AGACGTTAGTTGAGTA-1",2,1,1,0
"AGACGTTCATTTCACT-1",2,1,1,0
"AGACGTTGTAGCGCAA-1",2,1,0,1
"AGACGTTGTTAGAACA-1",2,1,1,0
"AGAGCGACAGGAATCG-1",2,1,0,1
"AGAGCGAGTCAGGACA-1",2,1,1,0
"AGAGCGAGTCCGAGTC-1",2,1,1,0
"AGAGCGAGTTCAACCA-1",2,1,1,0
"AGAGCGATCTGCAGTA-1",2,1,0,1
"AGAGCGATCTTCCTTC-1",2,1,1,0
"AGAGCTTAGCTTATCG-1",2,1,0,1
"AGAGCTTAGGGATACC-1",2,1,1,0
"AGAGCTTAGTAATCCC-1",2,1,1,0
"AGAGCTTAGTGGGCTA-1",2,1,0,1
"AGAGCTTCAATAACGA-1",2,1,1,0
"AGAGCTTCATGAGCGA-1",2,1,0,1
"AGAGCTTGTAGGACAC-1",2,1,0,1
"AGAGCTTGTCCGAAGA-1",2,1,1,0
"AGAGCTTGTGACAAAT-1",2,1,1,0
"AGAGCTTTCCACGAAT-1",2,1,1,0
"AGAGCTTTCGGACAAG-1",2,1,1,0
"AGAGTGGAGTGGTCCC-1",2,1,0,1
"AGAGTGGCAAGTTAAG-1",2,1,1,0
"AGAGTGGGTCGTTGTA-1",2,1,1,0
"AGAGTGGTCGTCTGAA-1",2,1,0,1
"AGAGTGGTCTATGTGG-1",2,1,0,1
"AGATCTGCAAGTCTAC-1",2,1,0,1
"AGATCTGCATCGACGC-1",2,1,0,1
"AGATCTGGTAAGGATT-1",2,1,1,0
"AGATCTGGTTCCGTCT-1",2,1,0,1
"AGATCTGGTTCTGGTA-1",2,1,0,1
"AGATCTGTCTAGAGTC-1",2,1,0,1
"AGATTGCAGATAGGAG-1",2,1,1,0
"AGATTGCGTGACTCAT-1",2,1,1,0
"AGATTGCTCCTCATTA-1",2,1,0,1
"AGCAGCCAGTCTCCTC-1",2,1,1,0
"AGCAGCCCACCCTATC-1",2,1,0,1
"AGCAGCCCACGGTAGA-1",2,1,1,0
"AGCAGCCTCAATCTCT-1",2,1,1,0
"AGCAGCCTCCACGTTC-1",2,1,1,0
"AGCAGCCTCCGCGGTA-1",2,1,0,1
"AGCAGCCTCTTTCCTC-1",2,1,1,0
"AGCATACCATATGCTG-1",2,1,1,0
"AGCATACGTATGCTTG-1",2,1,1,0
"AGCATACGTCGGATCC-1",2,1,0,1
"AGCATACGTTAGGGTG-1",2,1,1,0
"AGCATACTCTCGATGA-1",2,1,1,0
"AGCCTAAAGTGCCATT-1",2,1,0,1
"AGCCTAACAACACCCG-1",2,1,0,1
"AGCCTAACAACGCACC-1",2,1,1,0
"AGCCTAACACGGTGTC-1",2,1,0,1
"AGCCTAATCACCTCGT-1",2,1,1,0
"AGCCTAATCCTGCAGG-1",2,1,0,1
"AGCCTAATCTTGTACT-1",2,1,0,1
"AGCGGTCAGACTGTAA-1",2,1,0,1
"AGCGGTCAGAGACTAT-1",2,1,0,1
"AGCGGTCAGAGCTATA-1",2,1,1,0
"AGCGGTCAGCCTATGT-1",2,1,1,0
"AGCGGTCAGCGCCTTG-1",2,1,1,0
"AGCGGTCCACGACTCG-1",2,1,0,1
"AGCGGTCCACTGTTAG-1",2,1,1,0
"AGCGGTCTCACTCTTA-1",2,1,0,1
"AGCGGTCTCGGCGCTA-1",2,1,1,0
"AGCGTATGTATTAGCC-1",2,1,1,0
"AGCGTATGTGTCGCTG-1",2,1,1,0
"AGCGTATTCTGTCTAT-1",2,1,1,0
"AGCGTATTCTTTACAC-1",2,1,0,1
"AGCGTCGGTGCGATAG-1",2,1,1,0
"AGCTCCTGTCAGCTAT-1",2,1,0,1
"AGCTCCTTCCCTCTTT-1",2,1,1,0
"AGCTCCTTCTTGGGTA-1",2,1,0,1
"AGCTCTCAGGTGACCA-1",2,1,0,1
"AGCTCTCAGTACGCGA-1",2,1,0,1
"AGCTCTCGTTAAAGAC-1",2,1,1,0
"AGCTTGACACCGAATT-1",2,1,1,0
"AGGCCACAGACCGGAT-1",2,1,1,0
"AGGCCACAGAGTACAT-1",2,1,0,1
"AGGCCACCAATCCAAC-1",2,1,1,0
"AGGCCACCACGAAACG-1",2,1,0,1
"AGGCCACGTCAAGCGA-1",2,1,1,0
"AGGCCACTCATCTGTT-1",2,1,0,1
"AGGCCGTAGTCCAGGA-1",2,1,1,0
"AGGCCGTCAATACGCT-1",2,1,1,0
"AGGCCGTGTATATGAG-1",2,1,1,0
"AGGCCGTGTATCGCAT-1",2,1,0,1
"AGGCCGTGTCAATGTC-1",2,1,1,0
"AGGCCGTGTCTCATCC-1",2,1,1,0
"AGGCCGTGTGTCCTCT-1",2,1,1,0
"AGGCCGTTCTCCGGTT-1",2,1,1,0
"AGGGAGTAGATCCGAG-1",2,1,0,1
"AGGGAGTAGATGAGAG-1",2,1,1,0
"AGGGAGTCACCAGCAC-1",2,1,0,1
"AGGGAGTCACGGACAA-1",2,1,1,0
"AGGGAGTCAGGGCATA-1",2,1,1,0
"AGGGAGTCAGTAACGG-1",2,1,0,1
"AGGGAGTCATCGGGTC-1",2,1,0,1
"AGGGAGTGTGAGGGTT-1",2,1,1,0
"AGGGAGTTCTTGCAAG-1",2,1,0,1
"AGGGATGAGCACCGCT-1",2,1,1,0
"AGGGATGCATGCTGGC-1",2,1,1,0
"AGGGATGGTTACGACT-1",2,1,1,0
"AGGGATGGTTGATTGC-1",2,1,1,0
"AGGGATGTCACTTACT-1",2,1,0,1
"AGGGTGAAGCCTATGT-1",2,1,1,0
"AGGGTGACACCAACCG-1",2,1,1,0
"AGGGTGACACTACAGT-1",2,1,0,1
"AGGGTGACAGGGCATA-1",2,1,1,0
"AGGGTGAGTGCGCTTG-1",2,1,1,0
"AGGGTGAGTGCTCTTC-1",2,1,1,0
"AGGGTGAGTGGTTTCA-1",2,1,1,0
"AGGGTGAGTTGGTGGA-1",2,1,1,0
"AGGGTGATCACCGTAA-1",2,1,0,1
"AGGGTGATCTAAGCCA-1",2,1,1,0
"AGGTCATAGAGGTAGA-1",2,1,0,1
"AGGTCATAGGACAGCT-1",2,1,1,0
"AGGTCATAGGCTAGGT-1",2,1,1,0
"AGGTCATAGTGGGTTG-1",2,1,0,1
"AGGTCATCACCGAAAG-1",2,1,0,1
"AGGTCCGAGATCGGGT-1",2,1,0,1
"AGGTCCGAGCTTATCG-1",2,1,1,0
"AGGTCCGCACCCAGTG-1",2,1,1,0
"AGGTCCGCATTTCAGG-1",2,1,1,0
"AGGTCCGTCCAGTATG-1",2,1,1,0
"AGGTCCGTCCTCAACC-1",2,1,0,1
"AGGTCCGTCTGTCTCG-1",2,1,1,0
"AGTAGTCAGCTATGCT-1",2,1,0,1
"AGTAGTCAGGAGTTTA-1",2,1,0,1
"AGTAGTCAGGCTCATT-1",2,1,1,0
"AGTAGTCAGTTAACGA-1",2,1,1,0
"AGTAGTCCATCATCCC-1",2,1,1,0
"AGTAGTCTCCGCAAGC-1",2,1,1,0
"AGTAGTCTCTATCCTA-1",2,1,1,0
"AGTCTTTAGCAGGCTA-1",2,1,0,1
"AGTCTTTGTGAACCTT-1",2,1,1,0
"AGTCTTTGTGCACTTA-1",2,1,1,0
"AGTCTTTGTTACCAGT-1",2,1,0,1
"AGTCTTTTCCCTTGTG-1",2,1,1,0
"AGTCTTTTCTATCCTA-1",2,1,0,1
"AGTGAGGAGTTGTAGA-1",2,1,1,0
"AGTGAGGCAACTGGCC-1",2,1,1,0
"AGTGAGGCAAGCGATG-1",2,1,0,1
"AGTGAGGCACATTTCT-1",2,1,1,0
"AGTGAGGGTTGAGTTC-1",2,1,0,1
"AGTGAGGTCACGACTA-1",2,1,1,0
"AGTGAGGTCGGAAATA-1",3,1,0,2
"AGTGGGAAGCTGAAAT-1",2,1,0,1
"AGTGGGATCCATGAGT-1",2,1,1,0
"AGTGGGATCCTCAATT-1",2,1,1,0
"AGTGGGATCTGGTGTA-1",2,1,1,0
"AGTGTCAAGCCAACAG-1",2,1,1,0
"AGTGTCAAGTTCGCAT-1",2,1,1,0
"AGTGTCACAATCACAC-1",2,1,0,1
"AGTGTCACACAGAGGT-1",2,1,1,0
"AGTGTCACACGGCGTT-1",2,1,1,0
"AGTGTCAGTACAGACG-1",2,1,1,0
"AGTGTCAGTCTTTCAT-1",2,1,1,0
"AGTGTCAGTGCCTGTG-1",2,1,0,1
"AGTGTCATCAGCTTAG-1",2,1,1,0
"AGTGTCATCCTTGACC-1",2,1,0,1
"AGTTGGTCACATTCGA-1",2,1,1,0
"AGTTGGTGTCCAAGTT-1",2,1,0,1
"AGTTGGTGTCCATCCT-1",2,1,1,0
"AGTTGGTGTGACAAAT-1",2,1,1,0
"AGTTGGTGTTCCACTC-1",3,1,1,1
"AGTTGGTTCGCAAGCC-1",2,1,1,0
"AGTTGGTTCGCCTGAG-1",2,1,1,0
"ATAACGCAGACTAGGC-1",2,1,0,1
"ATAACGCAGTCCGGTC-1",2,1,0,1
"ATAACGCAGTGTGAAT-1",2,1,1,0
"ATAACGCGTACAGACG-1",2,1,0,1
"ATAACGCGTTGAACTC-1",2,1,0,1
"ATAACGCTCCTTGACC-1",2,1,1,0
"ATAAGAGAGGACAGCT-1",2,1,1,0
"ATAAGAGCACGTAAGG-1",2,1,1,0
"ATAAGAGCACTACAGT-1",2,1,0,1
"ATAAGAGGTTCCGTCT-1",2,1,0,1
"ATAGACCAGCGGATCA-1",2,1,1,0
"ATAGACCAGGGATCTG-1",2,1,1,0
"ATAGACCAGTGAATTG-1",2,1,1,0
"ATAGACCCACCCTATC-1",2,1,1,0
"ATAGACCCATATGAGA-1",2,1,1,0
"ATAGACCGTAAATGAC-1",3,1,1,1
"ATAGACCTCAATCACG-1",2,1,0,1
"ATAGACCTCCGTTGTC-1",2,1,1,0
"ATAGACCTCTTGTCAT-1",2,1,1,0
"ATCACGAAGCTCCCAG-1",2,1,0,1
"ATCACGAAGCTTATCG-1",2,1,1,0
"ATCACGAGTATATCCG-1",2,1,1,0
"ATCACGAGTCTCCACT-1",2,1,0,1
"ATCACGAGTGTAACGG-1",2,1,1,0
"ATCATCTAGATCCTGT-1",2,1,1,0
"ATCATCTAGGCTATCT-1",2,1,1,0
"ATCATCTAGTCGTTTG-1",2,1,1,0
"ATCATCTCAACAACCT-1",2,1,1,0
"ATCATCTCAAGACACG-1",2,1,0,1
"ATCATCTCACTACAGT-1",2,1,0,1
"ATCATCTCAGGCTGAA-1",2,1,1,0
"ATCATCTCATCGTCGG-1",2,1,1,0
"ATCATCTCATGCCCGA-1",2,1,1,0
"ATCATCTGTAGCACGA-1",2,1,1,0
"ATCATCTGTCAGCTAT-1",2,1,0,1
"ATCATCTGTCTCAACA-1",2,1,0,1
"ATCATCTGTTCAGGCC-1",3,1,2,0
"ATCATCTTCATCGCTC-1",2,1,0,1
"ATCATCTTCCAAGCCG-1",2,1,1,0
"ATCATGGAGCTTCGCG-1",2,1,1,0
"ATCATGGAGTCTCGGC-1",2,1,0,1
"ATCATGGCACAAGACG-1",2,1,0,1
"ATCATGGCACCGATAT-1",2,1,1,0
"ATCATGGCAGCCAATT-1",2,1,0,1
"ATCATGGCATGGGACA-1",2,1,0,1
"ATCATGGGTCGACTAT-1",2,1,0,1
"ATCATGGGTTACGGAG-1",2,1,1,0
"ATCATGGTCCATGAAC-1",2,1,1,0
"ATCATGGTCCGTTGCT-1",2,1,1,0
"ATCATGGTCTTGTTTG-1",3,1,2,0
"ATCCACCAGTACGCGA-1",3,1,1,1
"ATCCACCAGTGTCCCG-1",2,1,0,1
"ATCCACCCATACTACG-1",2,1,1,0
"ATCCACCGTCACACGC-1",2,1,1,0
"ATCCACCTCAGTTAGC-1",2,1,0,1
"ATCCGAACACACAGAG-1",2,1,1,0
"ATCCGAACAGACAGGT-1",2,1,1,0
"ATCCGAATCAGGTTCA-1",2,1,0,1
"ATCGAGTAGAAGGCCT-1",2,1,0,1
"ATCGAGTAGGTGTTAA-1",2,1,1,0
"ATCGAGTGTGCGATAG-1",2,1,0,1
"ATCGAGTTCACAGTAC-1",2,1,0,1
"ATCGAGTTCACTCCTG-1",2,1,0,1
"ATCGAGTTCACTCTTA-1",2,1,1,0
"ATCGAGTTCCGCTGTT-1",2,1,1,0
"ATCGAGTTCTCGAGTA-1",2,1,0,1
"ATCGAGTTCTGAGGGA-1",2,1,1,0
"ATCTACTAGCTAGCCC-1",2,1,0,1
"ATCTACTAGGATGTAT-1",2,1,0,1
"ATCTACTGTAAATACG-1",2,1,1,0
"ATCTACTTCACGACTA-1",2,1,0,1
"ATCTACTTCTGGTGTA-1",2,1,1,0
"ATCTGCCAGAAACGCC-1",2,1,0,1
"ATCTGCCAGCTCTCGG-1",2,1,0,1
"ATCTGCCAGGGCTTGA-1",2,1,1,0
"ATCTGCCCAAGCGCTC-1",2,1,1,0
"ATCTGCCCACAAGACG-1",2,1,1,0
"ATCTGCCCATCCAACA-1",2,1,1,0
"ATCTGCCGTCATATCG-1",2,1,1,0
"ATCTGCCGTCATGCAT-1",2,1,1,0
"ATCTGCCGTTAAGGGC-1",2,1,0,1
"ATCTGCCTCCGGGTGT-1",2,1,1,0
"ATCTGCCTCTCTGCTG-1",2,1,1,0
"ATGAGGGAGAAGATTC-1",2,1,1,0
"ATGAGGGAGTACGTTC-1",2,1,0,1
"ATGAGGGCAGGCAGTA-1",2,1,1,0
"ATGAGGGGTCTCGTTC-1",2,1,0,1
"ATGAGGGGTTCACCTC-1",2,1,1,0
"ATGAGGGTCAGTACGT-1",2,1,1,0
"ATGAGGGTCGCTAGCG-1",2,1,0,1
"ATGAGGGTCGGCCGAT-1",2,1,0,1
"ATGAGGGTCTTGACGA-1",2,1,1,0
"ATGCGATAGCTAACAA-1",2,1,1,0
"ATGCGATAGTCCAGGA-1",2,1,1,0
"ATGCGATAGTGCTGCC-1",2,1,0,1
"ATGCGATCATGGAATA-1",2,1,0,1
"ATGCGATGTAGTGAAT-1",2,1,1,0
"ATGCGATGTATCACCA-1",2,1,1,0
"ATGCGATGTCAGAAGC-1",2,1,1,0
"ATGCGATGTCTGGTCG-1",2,1,0,1
"ATGCGATGTGTAAGTA-1",2,1,0,1
"ATGCGATGTGTCCTCT-1",2,1,0,1
"ATGCGATGTTCATGGT-1",2,1,0,1
"ATGCGATTCGACAGCC-1",2,1,1,0
"ATGGGAGAGCCAGTTT-1",2,1,0,1
"ATGGGAGCACAGAGGT-1",2,1,1,0
"ATGGGAGCATATACGC-1",2,1,0,1
"ATGGGAGGTGTGCGTC-1",2,1,1,0
"ATGGGAGGTTTGACAC-1",2,1,1,0
"ATGGGAGTCAGGCAAG-1",2,1,0,1
"ATGGGAGTCTCGCTTG-1",2,1,1,0
"ATGTGTGAGATCCTGT-1",2,1,0,1
"ATGTGTGAGATCTGCT-1",2,1,1,0
"ATGTGTGAGCTACCGC-1",2,1,1,0
"ATGTGTGAGCTGCGAA-1",2,1,0,1
"ATGTGTGAGGGAACGG-1",2,1,1,0
"ATGTGTGAGTGGGTTG-1",2,1,0,1
"ATGTGTGCAGCTGCAC-1",2,1,1,0
"ATGTGTGCATATGAGA-1",2,1,0,1
"ATGTGTGCATCTCGCT-1",2,1,1,0
"ATGTGTGGTGATAAAC-1",2,1,0,1
"ATGTGTGTCAGTACGT-1",2,1,1,0
"ATGTGTGTCGCATGAT-1",2,1,0,1
"ATGTGTGTCGGCGCAT-1",2,1,1,0
"ATGTGTGTCTAACCGA-1",2,1,1,0
"ATGTGTGTCTGCTTGC-1",2,1,1,0
"ATTACTCCACCAGGTC-1",2,1,0,1
"ATTACTCGTAGCTCCG-1",2,1,1,0
"ATTACTCGTGACTCAT-1",2,1,0,1
"ATTACTCGTGCATCTA-1",2,1,0,1
"ATTATCCCAGTGAGTG-1",2,1,1,0
"ATTATCCCATAAAGGT-1",2,1,0,1
"ATTATCCCATGCAACT-1",2,1,0,1
"ATTATCCTCCATGCTC-1",2,1,0,1
"ATTATCCTCGGCGCAT-1",2,1,1,0
"ATTATCCTCTGAGGGA-1",2,1,0,1
"ATTCTACAGGAACTGC-1",2,1,0,1
"ATTCTACAGTAGGCCA-1",2,1,1,0
"ATTCTACAGTGTTTGC-1",2,1,1,0
"ATTCTACCAATAACGA-1",2,1,0,1
"ATTCTACCATTAACCG-1",2,1,0,1
"ATTCTACGTAAGTGTA-1",2,1,0,1
"ATTCTACGTCCGAGTC-1",2,1,1,0
"ATTCTACTCTGTCTCG-1",2,1,1,0
"ATTGGACAGCGTGAGT-1",2,1,1,0
"ATTGGACCAATCACAC-1",2,1,0,1
"ATTGGACCACGGTAAG-1",2,1,1,0
"ATTGGACGTCTGCCAG-1",2,1,0,1
"ATTGGACGTTAAAGAC-1",2,1,1,0
"ATTGGTGCATACCATG-1",2,1,1,0
"ATTGGTGGTAAACCTC-1",2,1,1,0
"ATTGGTGGTAGGACAC-1",2,1,0,1
"ATTGGTGGTGATAAGT-1",2,1,0,1
"ATTGGTGTCACGACTA-1",2,1,0,1
"ATTTCTGCAGAAGCAC-1",2,1,0,1
"ATTTCTGCATACTACG-1",2,1,0,1
"ATTTCTGGTGCGATAG-1",2,1,1,0
"ATTTCTGTCAGAGGTG-1",2,1,0,1
"ATTTCTGTCAGGATCT-1",2,1,1,0
"ATTTCTGTCCTTTCGG-1",2,1,1,0
"CAACCAACAAGCCGCT-1",2,1,0,1
"CAACCAACAGGACCCT-1",2,1,0,1
"CAACCAACATTTGCTT-1",2,1,1,0
"CAACCAAGTGCCTGTG-1",2,1,1,0
"CAACCAATCAAGGCTT-1",2,1,1,0
"CAACCAATCAGTTAGC-1",2,1,1,0
"CAACCTCCATAAAGGT-1",2,1,0,1
"CAACCTCGTACAGACG-1",2,1,1,0
"CAACCTCGTAGCGTCC-1",2,1,1,0
"CAACCTCGTTAGATGA-1",2,1,0,1
"CAACCTCTCATGTGGT-1",2,1,1,0
"CAACCTCTCTGTCAAG-1",2,1,1,0
"CAACTAGAGTGTCCCG-1",2,1,0,1
"CAACTAGCACCCAGTG-1",2,1,1,0
"CAACTAGCATCGATGT-1",2,1,0,1
"CAACTAGGTCAATACC-1",2,1,1,0
"CAACTAGGTCAGAGGT-1",2,1,1,0
"CAACTAGGTCTCCATC-1",2,1,1,0
"CAACTAGGTCTCTCGT-1",3,1,1,1
"CAACTAGTCAAACCAC-1",2,1,1,0
"CAACTAGTCGCGATCG-1",2,1,1,0
"CAACTAGTCGCTAGCG-1",2,1,1,0
"CAAGAAAAGTGGTAAT-1",2,1,0,1
"CAAGAAACACACCGCA-1",2,1,1,0
"CAAGAAACAGGCTGAA-1",2,1,1,0
"CAAGAAACAGGTCGTC-1",2,1,0,1
"CAAGAAACATTTGCTT-1",2,1,1,0
"CAAGAAAGTCAAAGCG-1",2,1,1,0
"CAAGAAAGTCATGCAT-1",2,1,0,1
"CAAGAAAGTCTGGTCG-1",2,1,1,0
"CAAGAAAGTGCTAGCC-1",2,1,1,0
"CAAGAAATCACTGGGC-1",2,1,1,0
"CAAGAAATCCTCAATT-1",2,1,1,0
"CAAGATCAGATGCGAC-1",2,1,1,0
"CAAGATCAGCCACGTC-1",2,1,1,0
"CAAGATCAGTCCAGGA-1",2,1,1,0
"CAAGATCAGTCGTTTG-1",2,1,0,1
"CAAGATCGTCTGCCAG-1",2,1,1,0
"CAAGATCGTTTCGCTC-1",2,1,1,0
"CAAGGCCAGAGGTAGA-1",2,1,0,1
"CAAGGCCCATCCTAGA-1",2,1,1,0
"CAAGGCCTCAGTTTGG-1",2,1,1,0
"CAAGGCCTCCTAGAAC-1",2,1,0,1
"CAAGGCCTCTGTTTGT-1",2,1,0,1
"CAAGTTGAGGCAGTCA-1",2,1,0,1
"CAAGTTGCAAGTCATC-1",2,1,1,0
"CAAGTTGGTAGGAGTC-1",2,1,1,0
"CAAGTTGGTCAGCTAT-1",2,1,1,0
"CAAGTTGGTCCGTGAC-1",2,1,1,0
"CAAGTTGTCCACGTTC-1",2,1,0,1
"CACAAACAGACTTTCG-1",2,1,1,0
"CACAAACAGGATGCGT-1",2,1,1,0
"CACAAACCATACAGCT-1",2,1,1,0
"CACAAACGTACCGTTA-1",2,1,0,1
"CACAAACGTTTCCACC-1",2,1,0,1
"CACAAACTCGACCAGC-1",2,1,1,0
"CACACAAAGCGTTTAC-1",2,1,1,0
"CACACAACAGACAAGC-1",2,1,1,0
"CACACAAGTAAAGGAG-1",2,1,1,0
"CACACAAGTCTGCCAG-1",2,1,1,0
"CACACAAGTGATAAAC-1",2,1,1,0
"CACACAAGTGGCAAAC-1",2,1,0,1
"CACACAATCGAGAGCA-1",2,1,0,1
"CACACCTAGTCGAGTG-1",2,1,1,0
"CACACCTCAGCCTTGG-1",2,1,0,1
"CACACCTGTTGCGTTA-1",2,1,0,1
"CACACTCAGACACTAA-1",2,1,1,0
"CACACTCAGGCTAGAC-1",2,1,0,1
"CACACTCCACGCATCG-1",2,1,1,0
"CACACTCGTCGATTGT-1",2,1,1,0
"CACACTCGTCTCAACA-1",2,1,1,0
"CACACTCGTCTCCATC-1",2,1,1,0
"CACACTCTCAGCTGGC-1",2,1,0,1
"CACAGGCCATCAGTCA-1",2,1,1,0
"CACAGGCTCAAAGTAG-1",2,1,0,1
"CACAGGCTCGAATGGG-1",2,1,0,1
"CACAGGCTCTTGACGA-1",2,1,1,0
"CACAGGCTCTTGCAAG-1",2,1,1,0
"CACAGTAAGATAGCAT-1",2,1,1,0
"CACAGTACACATCTTT-1",2,1,1,0
"CACAGTAGTAGCTAAA-1",2,1,0,1
"CACAGTAGTATCGCAT-1",2,1,1,0
"CACAGTAGTCAATACC-1",2,1,0,1
"CACAGTAGTCGCGTGT-1",2,1,1,0
"CACAGTAGTTGGTGGA-1",2,1,1,0
"CACAGTATCCGTTGCT-1",2,1,1,0
"CACAGTATCGAATGGG-1",2,1,0,1
"CACATAGAGCCTATGT-1",2,1,0,1
"CACATAGCATCACGTA-1",2,1,1,0
"CACATAGGTACCCAAT-1",2,1,0,1
"CACATAGTCATCATTC-1",2,1,0,1
"CACATAGTCTATCGCC-1",2,1,0,1
"CACATAGTCTGGAGCC-1",3,1,1,1
"CACATTTAGTGGTCCC-1",2,1,0,1
"CACATTTCACCCTATC-1",2,1,0,1
"CACATTTGTAAAGTCA-1",2,1,1,0
"CACATTTGTACCGGCT-1",2,1,1,0
"CACATTTGTTCCACGG-1",2,1,1,0
"CACATTTTCGGAAACG-1",2,1,0,1
"CACCACTAGGACCACA-1",2,1,0,1
"CACCACTCAATGAAAC-1",3,1,2,0
"CACCACTCACGGACAA-1",2,1,1,0
"CACCACTCATCCTTGC-1",3,1,2,0
"CACCACTGTAAGGGCT-1",2,1,1,0
"CACCACTGTGTGAAAT-1",2,1,0,1
"CACCACTTCCACGACG-1",2,1,0,1
"CACCACTTCCCGACTT-1",2,1,0,1
"CACCACTTCCGTAGGC-1",2,1,0,1
"CACCAGGAGAGGTTGC-1",2,1,0,1
"CACCAGGGTCCTCCAT-1",2,1,1,0
"CACCAGGGTCGTCTTC-1",2,1,1,0
"CACCAGGTCCACGTTC-1",2,1,1,0
"CACCAGGTCCTGTAGA-1",2,1,0,1
"CACCTTGAGCTAGTTC-1",2,1,1,0
"CACCTTGCAACACGCC-1",2,1,1,0
"CACCTTGCACCTTGTC-1",2,1,0,1
"CACCTTGGTACAGACG-1",2,1,0,1
"CACCTTGGTACGACCC-1",2,1,0,1
"CACCTTGGTAGCAAAT-1",2,1,1,0
"CACCTTGGTGCCTGGT-1",2,1,1,0
"CACCTTGGTGTTTGGT-1",2,1,1,0
"CACCTTGTCCTGCTTG-1",2,1,1,0
"CACCTTGTCTCATTCA-1",2,1,1,0
"CACTCCACAGTCAGCC-1",2,1,1,0
"CAGAATCAGACCACGA-1",2,1,1,0
"CAGAATCAGTACGATA-1",3,1,1,1
"CAGAATCCAACTGCGC-1",2,1,0,1
"CAGAATCCACACCGAC-1",2,1,0,1
"CAGAATCCAGTTTACG-1",2,1,1,0
"CAGAATCTCTGCAAGT-1",2,1,1,0
"CAGAGAGAGAAGGGTA-1",2,1,1,0
"CAGAGAGCAATCACAC-1",2,1,1,0
"CAGAGAGCACCAGGCT-1",3,1,1,1
"CAGAGAGGTAGTACCT-1",2,1,1,0
"CAGAGAGGTTGAGTTC-1",2,1,1,0
"CAGAGAGTCTAACTCT-1",2,1,1,0
"CAGATCAAGCAACGGT-1",2,1,0,1
"CAGATCAAGCTAGTTC-1",2,1,1,0
"CAGATCACAGTATCTG-1",2,1,0,1
"CAGATCAGTAACGCGA-1",2,1,1,0
"CAGATCAGTCAGAAGC-1",2,1,1,0
"CAGATCAGTGATGTGG-1",2,1,1,0
"CAGCAGCAGAGAACAG-1",2,1,1,0
"CAGCAGCCACGGCGTT-1",2,1,1,0
"CAGCAGCCAGACACTT-1",2,1,1,0
"CAGCAGCCAGTTTACG-1",2,1,1,0
"CAGCAGCCATTCCTGC-1",2,1,1,0
"CAGCAGCGTTTGACAC-1",2,1,1,0
"CAGCAGCTCTGTACGA-1",2,1,1,0
"CAGCATAAGTTGAGAT-1",2,1,1,0
"CAGCATACACAGGAGT-1",2,1,1,0
"CAGCATAGTTTCGCTC-1",2,1,1,0
"CAGCATATCACTGGGC-1",2,1,0,1
"CAGCCGAAGAAGGACA-1",2,1,1,0
"CAGCCGAAGGGATCTG-1",2,1,1,0
"CAGCCGAAGTCGTTTG-1",2,1,0,1
"CAGCCGAGTCAGTGGA-1",2,1,1,0
"CAGCCGATCGGCTACG-1",2,1,0,1
"CAGCGACAGCCGGTAA-1",2,1,1,0
"CAGCGACAGGAGTACC-1",2,1,0,1
"CAGCGACAGGTAGCTG-1",2,1,0,1
"CAGCGACAGTTTCCTT-1",2,1,1,0
"CAGCGACCAATTCCTT-1",2,1,0,1
"CAGCGACCAGTATGCT-1",2,1,1,0
"CAGCGACCATGGGACA-1",2,1,1,0
"CAGCGACGTCTCATCC-1",2,1,0,1
"CAGCGACGTGCCTGGT-1",2,1,0,1
"CAGCGACGTTCACCTC-1",2,1,1,0
"CAGCTAAAGAAGGACA-1",2,1,1,0
"CAGCTAAAGAGAGCTC-1",2,1,1,0
"CAGCTAAAGGAGCGTT-1",2,1,1,0
"CAGCTAAAGGTGACCA-1",2,1,1,0
"CAGCTAAAGTGCGTGA-1",2,1,1,0
"CAGCTAACAGTAAGAT-1",2,1,1,0
"CAGCTAAGTAGCGATG-1",3,1,2,0
"CAGCTAAGTTAAGTAG-1",2,1,1,0
"CAGCTGGCACTGTTAG-1",2,1,1,0
"CAGCTGGCAGATTGCT-1",2,1,1,0
"CAGCTGGGTACAGCAG-1",2,1,1,0
"CAGCTGGGTGTGACGA-1",2,1,0,1
"CAGCTGGTCCCAACGG-1",2,1,1,0
"CAGCTGGTCGACGGAA-1",2,1,0,1
"CAGGTGCAGGTGCAAC-1",2,1,1,0
"CAGGTGCAGTCGAGTG-1",2,1,1,0
"CAGGTGCCACCGAATT-1",2,1,1,0
"CAGGTGCCACGGACAA-1",2,1,1,0
"CAGGTGCGTCGGCACT-1",2,1,1,0
"CAGGTGCGTCTCAACA-1",2,1,1,0
"CAGGTGCTCAGGTAAA-1",2,1,0,1
"CAGTAACAGCTAACAA-1",2,1,1,0
"CAGTAACCAATCGAAA-1",2,1,1,0
"CAGTAACCAGTAACGG-1",2,1,0,1
"CAGTAACCATCGTCGG-1",2,1,1,0
"CAGTAACGTACCGAGA-1",2,1,0,1
"CAGTAACTCGGCGGTT-1",2,1,1,0
"CAGTCCTAGCCCAGCT-1",2,1,1,0
"CAGTCCTAGGTACTCT-1",2,1,1,0
"CAGTCCTTCAGCTTAG-1",2,1,1,0
"CAGTCCTTCAGTGTTG-1",2,1,1,0
"CAGTCCTTCCACGAAT-1",2,1,0,1
"CAGTCCTTCGTAGGAG-1",2,1,0,1
"CAGTCCTTCGTCTGAA-1",2,1,1,0
"CATATGGAGGAATGGA-1",2,1,0,1
"CATATGGAGGCTCATT-1",2,1,0,1
"CATATGGGTAGCTAAA-1",2,1,1,0
"CATATGGTCACAGGCC-1",2,1,0,1
"CATATGGTCATAGCAC-1",2,1,0,1
"CATATGGTCATGCATG-1",2,1,1,0
"CATATGGTCTGATACG-1",2,1,1,0
"CATATTCAGAAACCAT-1",2,1,0,1
"CATATTCCATTCGACA-1",2,1,1,0
"CATATTCGTAAGCACG-1",2,1,0,1
"CATATTCGTGACTACT-1",2,1,0,1
"CATATTCGTTCATGGT-1",2,1,1,0
"CATCAAGCAAGCCGTC-1",2,1,0,1
"CATCAAGCAAGTTAAG-1",2,1,0,1
"CATCAAGCATCTGGTA-1",2,1,0,1
"CATCAAGGTATGGTTC-1",2,1,1,0
"CATCAAGGTGTTAAGA-1",2,1,1,0
"CATCAAGGTTATTCTC-1",2,1,1,0
"CATCAAGTCCCTCAGT-1",2,1,1,0
"CATCAAGTCTGTACGA-1",2,1,1,0
"CATCAGAAGCTAGCCC-1",2,1,1,0
"CATCAGACACCAACCG-1",2,1,1,0
"CATCAGACATGTCGAT-1",2,1,0,1
"CATCAGAGTAGCGTAG-1",2,1,0,1
"CATCAGAGTGACTCAT-1",2,1,1,0
"CATCAGAGTGTTTGTG-1",2,1,0,1
"CATCAGAGTTGATTGC-1",2,1,1,0
"CATCAGATCATCACCC-1",2,1,1,0
"CATCCACAGCTTCGCG-1",2,1,0,1
"CATCCACAGGCCGAAT-1",2,1,1,0
"CATCCACCAAGTAATG-1",2,1,0,1
"CATCCACCACAGATTC-1",2,1,1,0
"CATCCACTCGCCAAAT-1",2,1,1,0
"CATCCACTCGGCATCG-1",2,1,0,1
"CATCGAACAAGCTGAG-1",2,1,1,0
"CATCGAACACATGGGA-1",2,1,1,0
"CATCGAACACTTGGAT-1",2,1,1,0
"CATCGAAGTTGCTCCT-1",2,1,0,1
"CATCGGGAGAATCTCC-1",2,1,0,1
"CATCGGGAGACTTTCG-1",2,1,1,0
"CATCGGGAGGACACCA-1",2,1,0,1
"CATCGGGCACCTATCC-1",2,1,0,1
"CATCGGGCATACGCCG-1",2,1,0,1
"CATCGGGTCAATAAGG-1",2,1,1,0
"CATGACAAGACCGGAT-1",3,1,1,1
"CATGACAAGCCTTGAT-1",2,1,0,1
"CATGACAAGTTGAGTA-1",2,1,1,0
"CATGACACAAATTGCC-1",2,1,1,0
"CATGACACAACGCACC-1",2,1,0,1
"CATGACACACTAGTAC-1",2,1,1,0
"CATGACACAGACGCAA-1",2,1,1,0
"CATGACATCAGGCGAA-1",2,1,0,1
"CATGACATCGACCAGC-1",2,1,1,0
"CATGACATCTACTATC-1",2,1,0,1
"CATGACATCTGGCGAC-1",2,1,1,0
"CATGCCTAGACGACGT-1",2,1,0,1
"CATGCCTAGCAGATCG-1",2,1,1,0
"CATGCCTAGTACGTTC-1",2,1,1,0
"CATGCCTAGTGGGCTA-1",2,1,1,0
"CATGCCTAGTTATCGC-1",2,1,1,0
"CATGCCTCAAGCGCTC-1",2,1,1,0
"CATGCCTCACCAGTTA-1",2,1,0,1
"CATGCCTCAGGACGTA-1",2,1,0,1
"CATGCCTTCCTCATTA-1",3,1,1,1
"CATGCCTTCGTGGGAA-1",2,1,1,0
"CATGGCGAGCCATCGC-1",2,1,1,0
"CATGGCGCATGCATGT-1",2,1,1,0
"CATTATCAGACAGAGA-1",2,1,1,0
"CATTATCAGAGATGAG-1",2,1,0,1
"CATTATCAGTCCGTAT-1",2,1,0,1
"CATTATCCAAACAACA-1",2,1,0,1
"CATTATCCAATGGACG-1",2,1,1,0
"CATTATCGTGTTGGGA-1",2,1,1,0
"CATTATCTCGCACTCT-1",2,1,1,0
"CATTCGCAGAGTAAGG-1",3,1,1,1
"CATTCGCAGCCCTAAT-1",2,1,0,1
"CATTCGCAGCTAAACA-1",2,1,1,0
"CATTCGCAGGAGTAGA-1",2,1,1,0
"CATTCGCAGTGAACGC-1",2,1,1,0
"CATTCGCCAAGTTGTC-1",2,1,1,0
"CATTCGCCAATAACGA-1",2,1,1,0
"CATTCGCGTTATCACG-1",2,1,1,0
"CATTCGCTCCGCATAA-1",2,1,1,0
"CATTCGCTCTTGTATC-1",2,1,1,0
"CCAATCCAGTGGGCTA-1",2,1,1,0
"CCAATCCCAAAGCGGT-1",2,1,0,1
"CCAATCCGTGTAAGTA-1",2,1,1,0
"CCAATCCTCATGCAAC-1",2,1,1,0
"CCAATCCTCCTTTCTC-1",2,1,1,0
"CCACCTAAGAGTTGGC-1",2,1,0,1
"CCACCTAAGTTCGCGC-1",2,1,0,1
"CCACCTACATACAGCT-1",2,1,1,0
"CCACCTAGTAACGCGA-1",2,1,1,0
"CCACCTAGTTCGAATC-1",2,1,1,0
"CCACCTATCTGAGGGA-1",2,1,1,0
"CCACGGACACTAGTAC-1",2,1,1,0
"CCACGGACATGCCCGA-1",2,1,0,1
"CCACGGAGTCAGAGGT-1",2,1,0,1
"CCACGGAGTCTCAACA-1",2,1,1,0
"CCACGGAGTGATGTCT-1",2,1,1,0
"CCACGGATCTTGTCAT-1",2,1,1,0
"CCACTACAGCTTCGCG-1",2,1,1,0
"CCACTACTCGTGGACC-1",2,1,1,0
"CCACTACTCTCTTATG-1",2,1,1,0
"CCAGCGACAAGACGTG-1",2,1,1,0
"CCAGCGAGTGGTCCGT-1",2,1,1,0
"CCATGTCAGTCCTCCT-1",2,1,0,1
"CCATGTCAGTCTCCTC-1",2,1,0,1
"CCATGTCGTAGTAGTA-1",2,1,0,1
"CCATTCGAGCTAGTCT-1",2,1,0,1
"CCATTCGCACAGCGTC-1",2,1,1,0
"CCATTCGCAGGGTTAG-1",2,1,1,0
"CCATTCGTCAGGTTCA-1",2,1,1,0
"CCATTCGTCATGTGGT-1",2,1,1,0
"CCATTCGTCATTATCC-1",2,1,1,0
"CCATTCGTCGCCGTGA-1",2,1,1,0
"CCCAATCCAATGAATG-1",2,1,0,1
"CCCAATCCACGGTAAG-1",2,1,1,0
"CCCAATCGTAAGAGAG-1",2,1,0,1
"CCCAATCGTTCTGGTA-1",2,1,1,0
"CCCAATCTCATGTGGT-1",2,1,1,0
"CCCAATCTCCAAACTG-1",2,1,0,1
"CCCAATCTCCGGGTGT-1",2,1,1,0
"CCCAATCTCCGTACAA-1",2,1,0,1
"CCCAGTTCAAGCCCAC-1",2,1,1,0
"CCCAGTTCACCGTTGG-1",2,1,1,0
"CCCAGTTCATGAACCT-1",2,1,1,0
"CCCAGTTGTTAGTGGG-1",2,1,0,1
"CCCAGTTGTTCTCATT-1",2,1,1,0
"CCCAGTTTCAGAGCTT-1",2,1,1,0
"CCCAGTTTCTTGTTTG-1",2,1,0,1
"CCCATACCAATGAAAC-1",2,1,1,0
"CCCATACCATCCGCGA-1",2,1,0,1
"CCCATACGTATAGGTA-1",2,1,1,0
"CCCATACGTCGGCTCA-1",2,1,1,0
"CCCATACTCCACGTTC-1",2,1,1,0
"CCCATACTCCAGGGCT-1",2,1,1,0
"CCCATACTCCTCCTAG-1",2,1,1,0
"CCCATACTCTATGTGG-1",2,1,0,1
"CCCTCCTAGAGCTGGT-1",3,1,1,1
"CCCTCCTAGTCAAGGC-1",2,1,1,0
"CCCTCCTAGTGATCGG-1",2,1,0,1
"CCCTCCTCAAACTGTC-1",2,1,1,0
"CCCTCCTCAGCTTCGG-1",2,1,0,1
"CCCTCCTCAGGCGATA-1",2,1,1,0
"CCCTCCTCAGGTGGAT-1",2,1,1,0
"CCCTCCTGTTAGTGGG-1",2,1,1,0
"CCCTCCTTCAACACCA-1",2,1,0,1
"CCCTCCTTCAGCACAT-1",2,1,0,1
"CCCTCCTTCCGCTGTT-1",2,1,0,1
"CCGGGATCATCCTTGC-1",2,1,1,0
"CCGGGATTCCTCAACC-1",2,1,1,0
"CCGGTAGCAAGTTAAG-1",2,1,1,0
"CCGGTAGGTAAACGCG-1",2,1,1,0
"CCGGTAGTCAAGGTAA-1",2,1,1,0
"CCGGTAGTCGCCAAAT-1",2,1,1,0
"CCGGTAGTCGCGATCG-1",2,1,1,0
"CCGTACTAGCTTATCG-1",2,1,1,0
"CCGTACTCAGTACACT-1",2,1,0,1
"CCGTACTGTAACGACG-1",2,1,1,0
"CCGTACTGTCCCTACT-1",2,1,1,0
"CCGTACTTCCCAACGG-1",2,1,1,0
"CCGTACTTCGTTACAG-1",2,1,0,1
"CCGTGGACAGACACTT-1",2,1,0,1
"CCGTGGAGTTAGTGGG-1",2,1,1,0
"CCGTTCAAGACCACGA-1",2,1,1,0
"CCGTTCAAGGCTAGAC-1",2,1,1,0
"CCGTTCAAGTAGTGCG-1",2,1,1,0
"CCGTTCACAACGCACC-1",2,1,1,0
"CCGTTCACAACTGGCC-1",2,1,0,1
"CCGTTCACACCTGGTG-1",2,1,1,0
"CCGTTCACAGCGAACA-1",2,1,1,0
"CCGTTCACATCCTAGA-1",2,1,1,0
"CCGTTCAGTATTCGTG-1",2,1,0,1
"CCGTTCAGTCAAACTC-1",2,1,1,0
"CCGTTCAGTCTTCAAG-1",2,1,0,1
"CCGTTCATCAGGATCT-1",2,1,0,1
"CCGTTCATCTGTCCGT-1",2,1,1,0
"CCTAAAGAGACGCTTT-1",2,1,1,0
"CCTAAAGCAGGTTTCA-1",2,1,1,0
"CCTAAAGCATGTTGAC-1",2,1,0,1
"CCTAAAGGTATAATGG-1",2,1,1,0
"CCTAAAGGTGATAAGT-1",2,1,1,0
"CCTACACAGACACTAA-1",2,1,0,1
"CCTACACAGTGATCGG-1",2,1,0,1
"CCTACACAGTGCAAGC-1",2,1,1,0
"CCTACACCATATACGC-1",2,1,1,0
"CCTACACTCCCTCAGT-1",2,1,0,1
"CCTACCACAGGTTTCA-1",2,1,0,1
"CCTACCAGTCTCTTAT-1",2,1,1,0
"CCTACCAGTGTTTGTG-1",2,1,0,1
"CCTACCATCTGTACGA-1",2,1,1,0
"CCTAGCTAGAGGTACC-1",2,1,1,0
"CCTAGCTAGCAAATCA-1",2,1,0,1
"CCTAGCTCAGCCTTGG-1",2,1,1,0
"CCTAGCTCATCGACGC-1",2,1,0,1
"CCTAGCTGTCAATACC-1",2,1,1,0
"CCTAGCTGTCATATCG-1",2,1,0,1
"CCTAGCTTCGGAAACG-1",2,1,1,0
"CCTAGCTTCTGTCAAG-1",2,1,0,1
"CCTATTAAGGGAGTAA-1",2,1,1,0
"CCTATTAGTCCATGAT-1",2,1,0,1
"CCTATTATCCCAACGG-1",2,1,1,0
"CCTATTATCGTTTAGG-1",2,1,0,1
"CCTCAGTGTTAGAACA-1",2,1,1,0
"CCTCAGTTCAGCGATT-1",2,1,0,1
"CCTCTGAAGAGGTAGA-1",2,1,1,0
"CCTCTGAAGGCATTGG-1",2,1,0,1
"CCTCTGAAGGCGATAC-1",2,1,0,1
"CCTCTGAAGTGGAGTC-1",2,1,1,0
"CCTCTGAGTGAAGGCT-1",2,1,0,1
"CCTCTGATCAGAGGTG-1",2,1,0,1
"CCTCTGATCTTTCCTC-1",2,1,0,1
"CCTTACGAGAACTGTA-1",2,1,0,1
"CCTTACGAGTATTGGA-1",2,1,1,0
"CCTTACGCAAGCCGCT-1",3,1,0,2
"CCTTACGCACGCCAGT-1",2,1,1,0
"CCTTACGCATGAACCT-1",2,1,1,0
"CCTTACGCATTACGAC-1",2,1,1,0
"CCTTACGGTAACGACG-1",2,1,1,0
"CCTTACGGTCACAAGG-1",2,1,1,0
"CCTTACGGTTCCATGA-1",2,1,0,1
"CCTTACGGTTCGGCAC-1",2,1,0,1
"CCTTACGTCAACTCTT-1",2,1,1,0
"CCTTACGTCTATCCCG-1",2,1,1,0
"CCTTCCCAGAGATGAG-1",2,1,1,0
"CCTTCCCAGTTAGGTA-1",2,1,1,0
"CCTTCCCCACCGATAT-1",2,1,1,0
"CCTTCCCCAGTCAGCC-1",2,1,1,0
"CCTTCCCGTTTGTTGG-1",2,1,1,0
"CCTTCGAAGATATGCA-1",2,1,1,0
"CCTTCGACACTTCGAA-1",2,1,0,1
"CCTTCGATCTTTACGT-1",2,1,0,1
"CCTTTCTAGATGTGTA-1",2,1,1,0
"CCTTTCTAGCATGGCA-1",2,1,1,0
"CCTTTCTAGGCACATG-1",2,1,1,0
"CCTTTCTAGGGCATGT-1",2,1,0,1
"CCTTTCTAGTACGTAA-1",2,1,1,0
"CCTTTCTGTGTATGGG-1",2,1,0,1
"CCTTTCTTCAAGGTAA-1",2,1,1,0
"CCTTTCTTCTTTAGGG-1",2,1,1,0
"CGAACATTCATCTGCC-1",2,1,1,0
"CGAACATTCGTCGTTC-1",2,1,1,0
"CGAACATTCGTCTGCT-1",2,1,1,0
"CGAACATTCTCTGTCG-1",2,1,1,0
"CGAATGTAGTGTTAGA-1",2,1,0,1
"CGAATGTGTGGTCTCG-1",2,1,1,0
"CGAATGTGTGTGCGTC-1",2,1,1,0
"CGAATGTGTTCCGGCA-1",2,1,0,1
"CGAATGTTCCGCTGTT-1",2,1,0,1
"CGAATGTTCTGTTGAG-1",2,1,1,0
"CGACCTTAGCGTGAGT-1",2,1,0,1
"CGACCTTTCGCATGAT-1",2,1,0,1
"CGACCTTTCTCGATGA-1",3,1,1,1
"CGACCTTTCTGTCTAT-1",2,1,1,0
"CGACTTCAGACTAAGT-1",2,1,1,0
"CGACTTCCAGGATTGG-1",2,1,1,0
"CGACTTCCATGAAGTA-1",2,1,0,1
"CGACTTCTCTACCTGC-1",2,1,1,0
"CGAGAAGCAAAGAATC-1",2,1,0,1
"CGAGAAGCAGACACTT-1",2,1,0,1
"CGAGAAGCAGACTCGC-1",2,1,0,1
"CGAGAAGCAGTAAGAT-1",2,1,1,0
"CGAGAAGCAGTGAGTG-1",2,1,1,0
"CGAGAAGCATTCCTGC-1",2,1,1,0
"CGAGAAGGTCCGAACC-1",2,1,1,0
"CGAGAAGGTGGCGAAT-1",2,1,0,1
"CGAGAAGTCCTTTACA-1",2,1,1,0
"CGAGAAGTCTGGTTCC-1",2,1,1,0
"CGAGCACAGAGGTTGC-1",2,1,1,0
"CGAGCACCATGTTGAC-1",2,1,1,0
"CGAGCACGTGATAAAC-1",2,1,0,1
"CGAGCACTCATAGCAC-1",2,1,1,0
"CGAGCACTCCCGACTT-1",2,1,1,0
"CGAGCACTCGTACCGG-1",2,1,1,0
"CGAGCACTCTCCAACC-1",2,1,0,1
"CGAGCACTCTTGTACT-1",2,1,0,1
"CGAGCCAAGACCCACC-1",2,1,0,1
"CGAGCCAAGAGACGAA-1",2,1,0,1
"CGAGCCAAGTTTGCGT-1",2,1,1,0
"CGAGCCACAGCTGCAC-1",2,1,0,1
"CGAGCCACATGGAATA-1",2,1,1,0
"CGAGCCAGTATATCCG-1",2,1,0,1
"CGAGCCAGTCTTCAAG-1",2,1,0,1
"CGAGCCATCCCTAACC-1",2,1,1,0
"CGATCGGAGAAGGACA-1",2,1,1,0
"CGATCGGCAGGTGGAT-1",3,1,2,0
"CGATCGGCATCGACGC-1",2,1,0,1
"CGATCGGGTATATCCG-1",2,1,0,1
"CGATCGGGTCTAGCCG-1",2,1,0,1
"CGATCGGGTGCAACTT-1",2,1,1,0
"CGATCGGTCAACGAAA-1",2,1,0,1
"CGATCGGTCACGCGGT-1",2,1,0,1
"CGATCGGTCAGCACAT-1",2,1,1,0
"CGATCGGTCCTGCAGG-1",2,1,0,1
"CGATCGGTCGGACAAG-1",2,1,1,0
"CGATGGCCAAATCCGT-1",2,1,0,1
"CGATGGCCAGGAATGC-1",2,1,0,1
"CGATGGCTCAAGGCTT-1",2,1,0,1
"CGATGTACATCGTCGG-1",2,1,1,0
"CGATGTAGTTATGCGT-1",2,1,0,1
"CGATGTATCACGCATA-1",2,1,1,0
"CGATTGAAGCTAGTCT-1",2,1,1,0
"CGATTGACAGCATACT-1",2,1,1,0
"CGATTGACAGCCTTGG-1",2,1,1,0
"CGATTGACAGGGTTAG-1",2,1,1,0
"CGATTGAGTAGCTTGT-1",2,1,1,0
"CGATTGAGTTACGTCA-1",2,1,1,0
"CGATTGATCGTGACAT-1",2,1,0,1
"CGCCAAGAGCAGCGTA-1",2,1,0,1
"CGCCAAGAGTAACCCT-1",2,1,1,0
"CGCCAAGAGTGTGAAT-1",2,1,1,0
"CGCCAAGCAAACCTAC-1",2,1,0,1
"CGCCAAGCAACTTGAC-1",2,1,1,0
"CGCCAAGGTAGATTAG-1",2,1,1,0
"CGCCAAGTCATGCAAC-1",2,1,1,0
"CGCCAAGTCCTCAATT-1",3,1,2,0
"CGCGGTAAGATCGATA-1",2,1,0,1
"CGCGGTAAGCGATGAC-1",2,1,1,0
"CGCGGTACAAGTTCTG-1",2,1,1,0
"CGCGGTACACAGGAGT-1",2,1,1,0
"CGCGGTACACCCATTC-1",2,1,1,0
"CGCGGTAGTCAAAGAT-1",2,1,1,0
"CGCGGTATCCATGAGT-1",2,1,1,0
"CGCGGTATCGCTAGCG-1",2,1,1,0
"CGCGTTTAGTGTCCAT-1",2,1,1,0
"CGCGTTTCATGATCCA-1",2,1,0,1
"CGCTATCAGATCCGAG-1",2,1,1,0
"CGCTATCAGATCTGCT-1",2,1,0,1
"CGCTATCAGTTACGGG-1",2,1,0,1
"CGCTATCCAGGAATCG-1",2,1,1,0
"CGCTATCTCATCTGCC-1",2,1,0,1
"CGCTATCTCTTTAGTC-1",2,1,1,0
"CGCTGGAAGGTGTGGT-1",2,1,0,1
"CGCTGGACACGGCGTT-1",2,1,1,0
"CGCTGGACACTTCGAA-1",2,1,0,1
"CGCTGGAGTCCTCTTG-1",2,1,0,1
"CGCTGGATCTACTCAT-1",2,1,1,0
"CGCTTCAAGAGACGAA-1",2,1,1,0
"CGCTTCAAGGCAATTA-1",2,1,1,0
"CGCTTCAAGTGTGAAT-1",2,1,0,1
"CGCTTCACAACCGCCA-1",2,1,0,1
"CGCTTCACAGACAGGT-1",2,1,0,1
"CGCTTCACAGCCTTGG-1",3,1,1,1
"CGCTTCACATCCGCGA-1",2,1,1,0
"CGCTTCAGTCATATGC-1",2,1,0,1
"CGCTTCATCATTGCGA-1",2,1,1,0
"CGGACACAGAGCAATT-1",2,1,0,1
"CGGACACAGCAGCCTC-1",2,1,1,0
"CGGACACAGCTACCGC-1",2,1,1,0
"CGGACACGTAAGTGGC-1",2,1,1,0
"CGGACACGTGTGTGCC-1",2,1,1,0
"CGGACACTCACCGGGT-1",2,1,0,1
"CGGACACTCTACCAGA-1",3,1,0,2
"CGGACGTAGAGGTTGC-1",2,1,0,1
"CGGACGTCACAAGACG-1",2,1,0,1
"CGGACGTCATTCACTT-1",2,1,1,0
"CGGACGTTCAGGTTCA-1",2,1,0,1
"CGGACGTTCCGCATAA-1",2,1,1,0
"CGGACTGCACCAGTTA-1",2,1,1,0
"CGGACTGCACCGAAAG-1",2,1,1,0
"CGGACTGCACTATCTT-1",2,1,0,1
"CGGACTGGTAAGGGAA-1",2,1,1,0
"CGGACTGGTACCGCTG-1",2,1,0,1
"CGGACTGGTTGAACTC-1",3,1,0,2
"CGGACTGTCAGTCAGT-1",3,1,2,0
"CGGACTGTCGGCGCTA-1",2,1,1,0
"CGGAGCTAGAGGTACC-1",2,1,0,1
"CGGAGCTAGCAGCGTA-1",2,1,1,0
"CGGAGCTAGGACATTA-1",2,1,1,0
"CGGAGCTAGTTAGCGG-1",2,1,1,0
"CGGAGCTGTCCGACGT-1",2,1,1,0
"CGGAGTCAGAGACTTA-1",2,1,1,0
"CGGAGTCGTAAACCTC-1",2,1,0,1
"CGGAGTCTCCTCCTAG-1",2,1,1,0
"CGGAGTCTCCTGCTTG-1",2,1,0,1
"CGGAGTCTCGCATGAT-1",2,1,0,1
"CGGCTAGAGAAACCAT-1",2,1,0,1
"CGGCTAGAGCCACCTG-1",2,1,1,0
"CGGCTAGCAAGTTAAG-1",2,1,0,1
"CGGCTAGCACACGCTG-1",2,1,1,0
"CGGCTAGGTAGATTAG-1",3,1,1,1
"CGGCTAGTCACAATGC-1",2,1,1,0
"CGGGTCACACAGGTTT-1",2,1,1,0
"CGGGTCACAGATAATG-1",3,1,1,1
"CGGGTCAGTAGCCTAT-1",2,1,1,0
"CGGGTCAGTAGCTTGT-1",2,1,1,0
"CGGGTCAGTCGCTTTC-1",2,1,1,0
"CGGGTCATCGTAGATC-1",2,1,1,0
"CGGTTAAAGTGGGCTA-1",2,1,1,0
"CGGTTAACAAAGGAAG-1",2,1,0,1
"CGGTTAACAAAGGTGC-1",2,1,1,0
"CGGTTAAGTAGGGACT-1",2,1,1,0
"CGGTTAAGTCATATGC-1",3,1,1,1
"CGGTTAAGTGGTCCGT-1",2,1,1,0
"CGGTTAATCAACACAC-1",2,1,1,0
"CGGTTAATCCTACAGA-1",2,1,0,1
"CGGTTAATCTTTCCTC-1",2,1,1,0
"CGTAGCGAGCTCCTCT-1",2,1,1,0
"CGTAGCGCATACCATG-1",2,1,0,1
"CGTAGCGGTCAAAGAT-1",2,1,1,0
"CGTAGCGGTCTCAACA-1",2,1,1,0
"CGTAGCGGTTAAGTAG-1",2,1,1,0
"CGTAGCGTCTTGTACT-1",2,1,1,0
"CGTAGCGTCTTTACGT-1",2,1,0,1
"CGTAGGCAGGCATTGG-1",2,1,1,0
"CGTAGGCCAAGCGTAG-1",2,1,0,1
"CGTAGGCCAGGTTTCA-1",2,1,0,1
"CGTAGGCGTAAATGAC-1",2,1,0,1
"CGTAGGCGTTATTCTC-1",2,1,0,1
"CGTAGGCGTTCGCTAA-1",2,1,1,0
"CGTAGGCTCACTTACT-1",2,1,1,0
"CGTAGGCTCTGGTTCC-1",3,1,2,0
"CGTCACTAGGTAGCCA-1",2,1,0,1
"CGTCACTCAAAGCGGT-1",2,1,1,0
"CGTCACTGTCAGAATA-1",2,1,1,0
"CGTCACTTCCCTAATT-1",2,1,1,0
"CGTCAGGAGCTAGCCC-1",2,1,1,0
"CGTCAGGCACAACGTT-1",2,1,0,1
"CGTCAGGGTTCAGTAC-1",2,1,0,1
"CGTCAGGTCACCAGGC-1",2,1,1,0
"CGTCAGGTCGCTTGTC-1",2,1,1,0
"CGTCAGGTCGGGAGTA-1",2,1,0,1
"CGTCCATAGGAGTCTG-1",2,1,1,0
"CGTCCATAGTGGGCTA-1",2,1,0,1
"CGTCCATCAATCCAAC-1",2,1,1,0
"CGTCCATCAATGGAGC-1",2,1,1,0
"CGTCCATCACATCCAA-1",2,1,0,1
"CGTCCATGTCATGCAT-1",2,1,0,1
"CGTCCATTCATGGTCA-1",2,1,1,0
"CGTCCATTCGATCCCT-1",2,1,0,1
"CGTCCATTCTGGTTCC-1",2,1,0,1
"CGTCCATTCTTACCTA-1",2,1,0,1
"CGTCTACAGAGCCCAA-1",2,1,0,1
"CGTCTACCAGTCAGAG-1",2,1,0,1
"CGTCTACTCGTTGACA-1",2,1,1,0
"CGTCTACTCTTATCTG-1",2,1,1,0
"CGTGAGCAGTGGGTTG-1",2,1,1,0
"CGTGAGCCAGCCTATA-1",2,1,1,0
"CGTGAGCGTGCATCTA-1",2,1,0,1
"CGTGTAACACACATGT-1",2,1,1,0
"CGTGTAAGTACAAGTA-1",2,1,1,0
"CGTGTAAGTGAACCTT-1",2,1,1,0
"CGTGTCTCACAAGACG-1",2,1,0,1
"CGTTAGAAGAAGCCCA-1",2,1,1,0
"CGTTAGAAGATCGATA-1",2,1,1,0
"CGTTAGAAGCGTTGCC-1",2,1,0,1
"CGTTAGAAGGCAGTCA-1",2,1,1,0
"CGTTAGACAGCTCGAC-1",2,1,1,0
"CGTTAGAGTTCCACGG-1",2,1,1,0
"CGTTAGATCTTCGGTC-1",2,1,1,0
"CGTTCTGCAGACGCTC-1",2,1,1,0
"CGTTCTGCAGCTGGCT-1",2,1,1,0
"CGTTCTGCAGTAACGG-1",2,1,1,0
"CGTTCTGGTAGCGCAA-1",2,1,0,1
"CGTTGGGAGGTGTGGT-1",2,1,0,1
"CGTTGGGCACAGACTT-1",2,1,1,0
"CGTTGGGGTACAGACG-1",2,1,1,0
"CGTTGGGTCGTCGTTC-1",2,1,0,1
"CGTTGGGTCTCGCTTG-1",2,1,1,0
"CTAACTTAGAGGTAGA-1",2,1,1,0
"CTAACTTAGTGGTCCC-1",2,1,0,1
"CTAACTTGTAAGTAGT-1",2,1,1,0
"CTAACTTGTACTCGCG-1",2,1,0,1
"CTAACTTGTCCAAGTT-1",2,1,1,0
"CTAACTTGTCTCAACA-1",2,1,1,0
"CTAACTTGTCTCATCC-1",2,1,0,1
"CTAACTTGTTCTGTTT-1",2,1,1,0
"CTAAGACAGCTCCTCT-1",2,1,1,0
"CTAAGACCAATGGACG-1",2,1,1,0
"CTAAGACTCAGCTTAG-1",2,1,0,1
"CTAATGGAGAGTCGGT-1",2,1,0,1
"CTAATGGAGCAGGCTA-1",2,1,1,0
"CTAATGGCAAATACAG-1",2,1,0,1
"CTAATGGCACAAGCCC-1",2,1,0,1
"CTAATGGCAGCATGAG-1",2,1,0,1
"CTACACCAGATGTTAG-1",2,1,1,0
"CTACACCAGCAATATG-1",2,1,0,1
"CTACACCAGGAGCGTT-1",2,1,1,0
"CTACACCAGTGTACTC-1",2,1,0,1
"CTACACCCAATGGACG-1",2,1,1,0
"CTACACCCATCATCCC-1",2,1,1,0
"CTACACCGTGCAGACA-1",2,1,0,1
"CTACACCTCGCATGGC-1",2,1,1,0
"CTACATTAGAGAGCTC-1",2,1,0,1
"CTACATTAGAGGTACC-1",2,1,1,0
"CTACATTCATCGGACC-1",2,1,1,0
"CTACATTTCACTTCAT-1",2,1,0,1
"CTACATTTCCTCGCAT-1",2,1,1,0
"CTACCCAAGCGTAATA-1",2,1,1,0
"CTACCCACATGAGCGA-1",2,1,0,1
"CTACCCAGTACGACCC-1",2,1,1,0
"CTACCCATCCTCAACC-1",2,1,1,0
"CTACCCATCTATCGCC-1",2,1,0,1
"CTACGTCAGTGCAAGC-1",2,1,1,0
"CTACGTCCAACTGCTA-1",2,1,1,0
"CTACGTCCAAGGACAC-1",2,1,1,0
"CTACGTCCAGCCTTTC-1",2,1,1,0
"CTACGTCGTTCTGAAC-1",2,1,1,0
"CTAGAGTAGAAACCAT-1",2,1,1,0
"CTAGAGTAGGCAGTCA-1",2,1,1,0
"CTAGAGTAGGTCGGAT-1",2,1,1,0
"CTAGAGTCACCGGAAA-1",2,1,1,0
"CTAGAGTCAGCGTCCA-1",2,1,0,1
"CTAGAGTGTACCGAGA-1",2,1,0,1
"CTAGAGTGTATGGTTC-1",2,1,1,0
"CTAGCCTAGAGTGACC-1",2,1,0,1
"CTAGCCTAGCAATATG-1",2,1,1,0
"CTAGCCTAGGAGCGAG-1",2,1,1,0
"CTAGCCTCAAATACAG-1",2,1,1,0
"CTAGCCTCAACGCACC-1",2,1,1,0
"CTAGCCTCATGTTGAC-1",2,1,1,0
"CTAGCCTGTCTCCATC-1",2,1,1,0
"CTAGCCTTCAACGGGA-1",2,1,1,0
"CTAGCCTTCCTTCAAT-1",2,1,0,1
"CTAGCCTTCTATCCCG-1",2,1,1,0
"CTAGTGAAGAGCTATA-1",2,1,1,0
"CTAGTGAAGTTAACGA-1",2,1,1,0
"CTAGTGACAAACCCAT-1",2,1,0,1
"CTAGTGAGTGGTTTCA-1",2,1,1,0
"CTAGTGATCTCAAACG-1",2,1,1,0
"CTCACACAGAGTAATC-1",2,1,1,0
"CTCACACAGGTGGGTT-1",2,1,1,0
"CTCACACGTAACGACG-1",2,1,0,1
"CTCACACTCCGTTGCT-1",2,1,1,0
"CTCAGAACAGATCCAT-1",2,1,0,1
"CTCAGAATCACTTACT-1",2,1,0,1
"CTCAGAATCAGTCAGT-1",2,1,0,1
"CTCAGAATCCCTGACT-1",2,1,1,0
"CTCAGAATCTATGTGG-1",2,1,1,0
"CTCATTAGTCAACTGT-1",2,1,1,0
"CTCATTAGTCACCTAA-1",2,1,0,1
"CTCATTAGTCATCCCT-1",2,1,0,1
"CTCATTAGTCCGCTGA-1",2,1,1,0
"CTCATTAGTTCCATGA-1",2,1,0,1
"CTCCTAGAGCCATCGC-1",2,1,1,0
"CTCCTAGAGCTATGCT-1",2,1,1,0
"CTCCTAGAGTGCTGCC-1",2,1,1,0
"CTCCTAGCATGAGCGA-1",2,1,0,1
"CTCGAAAAGGGTATCG-1",3,1,0,2
"CTCGAAACAAGCTGTT-1",2,1,1,0
"CTCGAAACACCTATCC-1",2,1,1,0
"CTCGAAACATGTCGAT-1",2,1,0,1
"CTCGAAAGTATATCCG-1",2,1,1,0
"CTCGAAATCGTAGGAG-1",2,1,0,1
"CTCGAGGAGAATAGGG-1",2,1,0,1
"CTCGAGGCACCAGGCT-1",2,1,0,1
"CTCGAGGGTATGGTTC-1",2,1,1,0
"CTCGAGGGTTACCAGT-1",2,1,0,1
"CTCGAGGTCGGTCTAA-1",3,1,0,2
"CTCGGAGAGCACAGGT-1",2,1,0,1
"CTCGGAGAGTATCGAA-1",2,1,0,1
"CTCGGAGTCTAACTTC-1",2,1,1,0
"CTCGGAGTCTGTTGAG-1",2,1,0,1
"CTCGGGAAGAGGACGG-1",2,1,0,1
"CTCGGGAAGTTGCAGG-1",2,1,1,0
"CTCGGGACAAGCTGGA-1",2,1,0,1
"CTCGGGACACAGACAG-1",2,1,0,1
"CTCGGGACATCGGTTA-1",2,1,0,1
"CTCGGGACATTTGCTT-1",2,1,1,0
"CTCGGGATCATGTCCC-1",2,1,0,1
"CTCGGGATCGAGAGCA-1",2,1,0,1
"CTCGGGATCGCCTGTT-1",2,1,1,0
"CTCGTACCAGACGCCT-1",2,1,0,1
"CTCGTACCATGTCTCC-1",2,1,1,0
"CTCGTACTCAGTCAGT-1",2,1,1,0
"CTCGTCAAGTTACGGG-1",2,1,0,1
"CTCGTCAGTACATGTC-1",2,1,1,0
"CTCGTCAGTCGAAAGC-1",2,1,0,1
"CTCGTCATCGCTAGCG-1",2,1,0,1
"CTCTAATAGAAGGCCT-1",2,1,0,1
"CTCTAATAGAGGTAGA-1",2,1,1,0
"CTCTAATAGATATGGT-1",2,1,1,0
"CTCTAATAGCGTCAAG-1",2,1,1,0
"CTCTAATGTGAGTGAC-1",2,1,1,0
"CTCTAATGTGCGCTTG-1",2,1,0,1
"CTCTAATGTGGACGAT-1",2,1,1,0
"CTCTAATTCACATGCA-1",2,1,1,0
"CTCTAATTCGTACGGC-1",2,1,0,1
"CTCTGGTAGGAGTAGA-1",2,1,1,0
"CTCTGGTAGTACTTGC-1",2,1,0,1
"CTCTGGTAGTGTCCCG-1",2,1,1,0
"CTCTGGTCAGGATCGA-1",2,1,1,0
"CTCTGGTGTCGTCTTC-1",2,1,0,1
"CTCTGGTTCCCTCTTT-1",2,1,1,0
"CTCTGGTTCCTCCTAG-1",2,1,0,1
"CTGAAACAGTTGTCGT-1",2,1,0,1
"CTGAAACCACCACGTG-1",2,1,0,1
"CTGAAACCATGCAACT-1",2,1,1,0
"CTGAAACTCAACACGT-1",2,1,1,0
"CTGAAGTAGTTTGCGT-1",2,1,0,1
"CTGAAGTCAATCACAC-1",3,1,2,0
"CTGAAGTCACGACTCG-1",2,1,0,1
"CTGAAGTCACGCCAGT-1",2,1,1,0
"CTGAAGTGTTTCGCTC-1",2,1,1,0
"CTGAAGTTCAGGTTCA-1",2,1,1,0
"CTGAAGTTCATGTCCC-1",2,1,1,0
"CTGAAGTTCCGTTGTC-1",2,1,0,1
"CTGAAGTTCTAACGGT-1",2,1,1,0
"CTGATAGAGCGCTCCA-1",2,1,1,0
"CTGATAGCACAGCCCA-1",2,1,0,1
"CTGATAGCAGGTCTCG-1",2,1,1,0
"CTGATAGCATTCCTGC-1",2,1,1,0
"CTGATAGGTACAGACG-1",2,1,0,1
"CTGATAGGTCTAGCCG-1",2,1,1,0
"CTGATAGGTCTCATCC-1",2,1,1,0
"CTGATAGGTGGAAAGA-1",2,1,1,0
"CTGATAGTCACAACGT-1",2,1,1,0
"CTGATAGTCACTTACT-1",2,1,1,0
"CTGATAGTCCACTCCA-1",2,1,0,1
"CTGATCCAGTCCATAC-1",2,1,1,0
"CTGATCCCATTTCACT-1",2,1,0,1
"CTGATCCGTGACTACT-1",2,1,1,0
"CTGATCCGTTACGTCA-1",2,1,1,0
"CTGATCCTCACTATTC-1",2,1,1,0
"CTGATCCTCTGCGACG-1",2,1,0,1
"CTGCCTAAGTACGCCC-1",2,1,1,0
"CTGCCTAAGTTACGGG-1",2,1,1,0
"CTGCCTACAAGACGTG-1",2,1,1,0
"CTGCCTACAAGCGAGT-1",2,1,1,0
"CTGCCTAGTCACTGGC-1",2,1,0,1
"CTGCCTATCAACGCTA-1",2,1,1,0
"CTGCCTATCGCCGTGA-1",2,1,0,1
"CTGCGGACACACGCTG-1",2,1,0,1
"CTGCGGACAGGGTTAG-1",2,1,1,0
"CTGCGGACAGTATAAG-1",2,1,1,0
"CTGCGGACATGCAACT-1",2,1,0,1
"CTGCGGACATGCGCAC-1",2,1,1,0
"CTGCGGAGTGTGCGTC-1",2,1,1,0
"CTGCGGAGTTACTGAC-1",2,1,1,0
"CTGCGGAGTTAGATGA-1",2,1,1,0
"CTGCGGATCATGTCTT-1",2,1,0,1
"CTGCGGATCCGTACAA-1",2,1,1,0
"CTGCGGATCTCTGAGA-1",2,1,1,0
"CTGCTGTAGACCGGAT-1",2,1,0,1
"CTGCTGTAGCACAGGT-1",2,1,1,0
"CTGCTGTAGTCATGCT-1",2,1,0,1
"CTGCTGTAGTGTCCCG-1",2,1,1,0
"CTGCTGTAGTTTAGGA-1",2,1,1,0
"CTGCTGTCAACGATCT-1",2,1,0,1
"CTGCTGTCATCCGCGA-1",2,1,0,1
"CTGCTGTGTGAAATCA-1",2,1,1,0
"CTGCTGTTCAGCGATT-1",2,1,0,1
"CTGGTCTAGCGAAGGG-1",2,1,0,1
"CTGGTCTCAGCGTTCG-1",2,1,0,1
"CTGGTCTTCCAATGGT-1",2,1,1,0
"CTGTGCTAGATGTAAC-1",2,1,1,0
"CTGTGCTAGCTATGCT-1",2,1,1,0
"CTGTGCTAGTAAGTAC-1",2,1,1,0
"CTGTGCTGTAGATTAG-1",2,1,1,0
"CTGTGCTTCCGTCATC-1",2,1,1,0
"CTGTTTAAGGACAGAA-1",2,1,0,1
"CTGTTTAAGTACGCGA-1",2,1,1,0
"CTGTTTAAGTTAGCGG-1",2,1,0,1
"CTGTTTAGTTCCACTC-1",2,1,0,1
"CTGTTTAGTTTCGCTC-1",2,1,1,0
"CTGTTTATCAACCATG-1",2,1,0,1
"CTGTTTATCCATGAGT-1",2,1,1,0
"CTGTTTATCTTCATGT-1",2,1,0,1
"CTTAACTAGGCAGGTT-1",2,1,1,0
"CTTAACTCAGCCTTGG-1",2,1,1,0
"CTTAACTCATCTATGG-1",2,1,1,0
"CTTAACTGTCTAAACC-1",2,1,0,1
"CTTAACTTCAGCCTAA-1",2,1,0,1
"CTTAACTTCGGAAATA-1",2,1,0,1
"CTTACCGAGCGAAGGG-1",2,1,0,1
"CTTACCGAGTCCGTAT-1",3,1,2,0
"CTTACCGGTACACCGC-1",2,1,1,0
"CTTACCGGTACCATCA-1",2,1,1,0
"CTTACCGGTAGCGTCC-1",2,1,1,0
"CTTACCGGTATAATGG-1",2,1,1,0
"CTTACCGGTCTAGTGT-1",2,1,0,1
"CTTACCGGTTGTGGCC-1",2,1,1,0
"CTTAGGAAGACCTAGG-1",2,1,0,1
"CTTAGGAAGGCATTGG-1",2,1,1,0
"CTTAGGACAGCCTGTG-1",2,1,1,0
"CTTCTCTCAGATCTGT-1",2,1,0,1
"CTTCTCTTCACCTTAT-1",2,1,1,0
"CTTCTCTTCTGCTGCT-1",2,1,1,0
"CTTGGCTAGTGAAGAG-1",3,1,2,0
"CTTGGCTCAATAACGA-1",2,1,1,0
"CTTGGCTGTGGTCCGT-1",2,1,0,1
"CTTGGCTTCAATAAGG-1",2,1,1,0
"CTTGGCTTCTCGATGA-1",3,1,2,0
"CTTGGCTTCTCGGACG-1",2,1,0,1
"CTTTGCGCAAGGGTCA-1",2,1,1,0
"CTTTGCGGTGAACCTT-1",2,1,1,0
"CTTTGCGGTGCCTGGT-1",2,1,0,1
"CTTTGCGTCAGGTTCA-1",2,1,0,1
"GAAACTCAGGCTCATT-1",2,1,0,1
"GAAACTCAGTGCAAGC-1",2,1,1,0
"GAAACTCCAGGTCTCG-1",2,1,1,0
"GAAACTCGTCTAGCGC-1",2,1,0,1
"GAAACTCGTGCATCTA-1",2,1,1,0
"GAAACTCTCTTATCTG-1",2,1,0,1
"GAAATGAAGACTTGAA-1",2,1,0,1
"GAAATGAAGCCGATTT-1",2,1,0,1
"GAAATGAAGGAGCGAG-1",2,1,0,1
"GAAATGAAGGCGATAC-1",2,1,1,0
"GAAATGAAGTGAACGC-1",2,1,0,1
"GAAATGAAGTGGTAGC-1",2,1,1,0
"GAAATGACATCATCCC-1",2,1,0,1
"GAAATGAGTGGAAAGA-1",2,1,0,1
"GAAATGATCAAGAAGT-1",2,1,0,1
"GAAATGATCACTTCAT-1",2,1,1,0
"GAAATGATCGTCACGG-1",2,1,0,1
"GAACATCAGCAGGCTA-1",2,1,1,0
"GAACATCAGGATATAC-1",2,1,1,0
"GAACATCAGGCCGAAT-1",2,1,1,0
"GAACATCAGTTCGCGC-1",2,1,1,0
"GAACATCCATGCATGT-1",2,1,1,0
"GAACATCGTGCCTTGG-1",2,1,1,0
"GAACATCTCTTGCAAG-1",2,1,0,1
"GAACCTACAATCGGTT-1",2,1,1,0
"GAACCTACATCACCCT-1",2,1,1,0
"GAACCTACATCTACGA-1",2,1,1,0
"GAACCTAGTACCATCA-1",2,1,0,1
"GAACCTATCACATGCA-1",2,1,0,1
"GAACCTATCTACCAGA-1",2,1,1,0
"GAACGGAAGTTCGCAT-1",2,1,1,0
"GAACGGACAGGTCTCG-1",2,1,1,0
"GAACGGAGTCGAGTTT-1",2,1,1,0
"GAACGGATCACATGCA-1",2,1,1,0
"GAACGGATCACTATTC-1",2,1,0,1
"GAACGGATCTCCCTGA-1",2,1,0,1
"GAAGCAGAGATATGCA-1",2,1,1,0
"GAAGCAGAGCTGAAAT-1",2,1,1,0
"GAAGCAGAGTTACGGG-1",2,1,1,0
"GAAGCAGCACAGACAG-1",2,1,0,1
"GAAGCAGCACGGACAA-1",2,1,0,1
"GAAGCAGGTCTGCAAT-1",2,1,0,1
"GAAGCAGTCGCAAGCC-1",2,1,1,0
"GAATAAGAGATCGGGT-1",2,1,1,0
"GAATAAGCAGCCTTGG-1",2,1,1,0
"GAATAAGGTCTCTCGT-1",2,1,1,0
"GAATAAGGTCTCTCTG-1",2,1,1,0
"GAATAAGGTCTTTCAT-1",2,1,1,0
"GAATAAGGTTGTACAC-1",2,1,1,0
"GAATAAGTCCCAACGG-1",2,1,1,0
"GAATAAGTCCCGACTT-1",2,1,1,0
"GAATAAGTCGATCCCT-1",2,1,1,0
"GAATAAGTCTGGTATG-1",2,1,0,1
"GAATGAAAGATGCGAC-1",2,1,1,0
"GAATGAAAGCCTATGT-1",2,1,1,0
"GAATGAAAGCGTAATA-1",2,1,1,0
"GAATGAACAGACAAGC-1",2,1,1,0
"GAATGAATCTGATTCT-1",2,1,1,0
"GAATGAATCTGCTGTC-1",3,1,1,1
"GACACGCAGGCTAGGT-1",2,1,1,0
"GACACGCGTATAAACG-1",3,1,2,0
"GACACGCTCAGGCAAG-1",2,1,1,0
"GACAGAGAGCACCGCT-1",2,1,1,0
"GACAGAGAGGCTACGA-1",2,1,1,0
"GACAGAGAGTTGAGTA-1",2,1,0,1
"GACAGAGCAAACTGTC-1",3,1,1,1
"GACAGAGCACACAGAG-1",2,1,1,0
"GACAGAGCACGAAACG-1",2,1,1,0
"GACAGAGCACGACGAA-1",2,1,1,0
"GACAGAGTCATTGCCC-1",2,1,1,0
"GACCAATAGAGAACAG-1",2,1,1,0
"GACCAATAGATGCCTT-1",2,1,1,0
"GACCAATCACATGGGA-1",3,1,0,2
"GACCAATCAGTAAGAT-1",2,1,0,1
"GACCAATGTGACTACT-1",2,1,0,1
"GACCAATTCAGTGCAT-1",2,1,0,1
"GACCAATTCCCTTGCA-1",2,1,0,1
"GACCTGGAGCCACCTG-1",2,1,1,0
"GACCTGGAGCCTTGAT-1",2,1,1,0
"GACCTGGAGCTGAAAT-1",2,1,1,0
"GACCTGGCAAAGCGGT-1",2,1,0,1
"GACCTGGCAAGAAGAG-1",2,1,0,1
"GACCTGGCAATGGAGC-1",2,1,0,1
"GACCTGGCATGGTCTA-1",2,1,1,0
"GACCTGGCATGTCCTC-1",2,1,1,0
"GACCTGGGTAGCACGA-1",2,1,1,0
"GACCTGGTCACGCATA-1",2,1,1,0
"GACCTGGTCAGTTAGC-1",2,1,1,0
"GACCTGGTCCGCAGTG-1",2,1,0,1
"GACGCGTCAGGCTCAC-1",2,1,0,1
"GACGCGTGTTGCGCAC-1",2,1,1,0
"GACGCGTTCATCGGAT-1",2,1,0,1
"GACGCGTTCTATCCTA-1",2,1,1,0
"GACGGCTAGAGACTAT-1",2,1,1,0
"GACGGCTCAATGACCT-1",2,1,1,0
"GACGGCTGTTGTCGCG-1",2,1,1,0
"GACGGCTTCGTTTGCC-1",2,1,1,0
"GACGTGCAGTAGGTGC-1",2,1,0,1
"GACGTGCCAAGCTGAG-1",2,1,0,1
"GACGTGCCACGAAATA-1",2,1,1,0
"GACGTGCCATGCAACT-1",2,1,1,0
"GACGTGCGTAAGTGTA-1",2,1,1,0
"GACGTGCGTTCGCGAC-1",2,1,1,0
"GACGTGCTCACTCTTA-1",2,1,0,1
"GACGTGCTCTTGCATT-1",2,1,0,1
"GACGTTACACCAGGTC-1",2,1,0,1
"GACGTTACATGGTTGT-1",2,1,1,0
"GACGTTAGTCCAGTTA-1",2,1,1,0
"GACGTTAGTCTAAACC-1",2,1,1,0
"GACGTTAGTGACAAAT-1",2,1,1,0
"GACGTTAGTTAAAGAC-1",2,1,1,0
"GACGTTATCACTATTC-1",2,1,1,0
"GACGTTATCTCCCTGA-1",2,1,0,1
"GACTAACCACCATGTA-1",2,1,1,0
"GACTAACTCAATACCG-1",2,1,0,1
"GACTAACTCACATGCA-1",2,1,1,0
"GACTAACTCATCGATG-1",2,1,1,0
"GACTAACTCATGGTCA-1",2,1,1,0
"GACTACAAGAGGGATA-1",2,1,0,1
"GACTACAAGTGTCTCA-1",2,1,0,1
"GACTACAGTACTCAAC-1",2,1,1,0
"GACTACAGTCTTCTCG-1",2,1,1,0
"GACTACATCAATCACG-1",2,1,1,0
"GACTACATCAGTGCAT-1",2,1,1,0
"GACTACATCGCGCCAA-1",2,1,1,0
"GACTGCGAGACCCACC-1",2,1,0,1
"GACTGCGAGTGCAAGC-1",2,1,1,0
"GACTGCGCACACTGCG-1",2,1,1,0
"GACTGCGCACTATCTT-1",2,1,1,0
"GACTGCGCAGGTTTCA-1",2,1,1,0
"GACTGCGCAGTATGCT-1",2,1,1,0
"GACTGCGGTCATCCCT-1",2,1,1,0
"GACTGCGGTGCGGTAA-1",2,1,0,1
"GACTGCGGTTCAGACT-1",2,1,0,1
"GAGCAGAAGAGCAATT-1",2,1,1,0
"GAGCAGAAGCATCATC-1",2,1,1,0
"GAGCAGACAATGGACG-1",2,1,1,0
"GAGCAGAGTACCGTTA-1",2,1,1,0
"GAGCAGATCCCTAACC-1",2,1,1,0
"GAGGTGACACAAGTAA-1",2,1,1,0
"GAGGTGAGTATCAGTC-1",2,1,0,1
"GAGGTGAGTTCACCTC-1",2,1,1,0
"GAGGTGATCACCAGGC-1",2,1,1,0
"GAGTCCGCAAGGACAC-1",2,1,1,0
"GAGTCCGCATACCATG-1",2,1,1,0
"GAGTCCGGTAAAGTCA-1",2,1,1,0
"GAGTCCGGTAAGGGAA-1",2,1,0,1
"GAGTCCGGTACCATCA-1",2,1,0,1
"GAGTCCGGTACCGGCT-1",2,1,1,0
"GAGTCCGTCACGATGT-1",2,1,1,0
"GAGTCCGTCGCCAGCA-1",2,1,1,0
"GATCAGTAGCACGCCT-1",2,1,1,0
"GATCAGTAGGAGTAGA-1",2,1,1,0
"GATCAGTAGGATGCGT-1",2,1,0,1
"GATCAGTGTACGAAAT-1",2,1,1,0
"GATCAGTGTCTCACCT-1",2,1,1,0
"GATCAGTTCACCACCT-1",2,1,1,0
"GATCAGTTCACTCTTA-1",2,1,0,1
"GATCAGTTCAGCTCGG-1",2,1,0,1
"GATCAGTTCCCGACTT-1",2,1,1,0
"GATCGATAGCAACGGT-1",2,1,1,0
"GATCGATAGCAATATG-1",2,1,1,0
"GATCGATAGCGATTCT-1",2,1,1,0
"GATCGATAGGGAAACA-1",2,1,1,0
"GATCGATCAATTGCTG-1",2,1,0,1
"GATCGATGTCAGAATA-1",2,1,0,1
"GATCGATGTGGTCCGT-1",2,1,1,0
"GATCGATTCAACCATG-1",2,1,0,1
"GATCGCGCAACCGCCA-1",2,1,1,0
"GATCGCGCAACGATGG-1",2,1,0,1
"GATCGCGCAATAGCAA-1",2,1,0,1
"GATCGCGGTTCAGACT-1",2,1,0,1
"GATCGCGTCAACGGCC-1",2,1,1,0
"GATCGTAAGAAAGTGG-1",2,1,0,1
"GATCGTAAGCATGGCA-1",2,1,0,1
"GATCGTACAAGTTCTG-1",2,1,1,0
"GATCGTACATGCCTTC-1",2,1,1,0
"GATCGTAGTAAACGCG-1",2,1,0,1
"GATCGTAGTTGGACCC-1",2,1,0,1
"GATCGTATCAAGGTAA-1",2,1,1,0
"GATCGTATCCTGTACC-1",2,1,1,0
"GATCTAGAGGCCCTTG-1",2,1,1,0
"GATCTAGCAACTGCTA-1",2,1,1,0
"GATCTAGCAGGGTACA-1",2,1,0,1
"GATCTAGGTACCGTTA-1",2,1,1,0
"GATCTAGGTAGTAGTA-1",2,1,1,0
"GATCTAGGTGAGGGAG-1",2,1,0,1
"GATCTAGTCAGTCAGT-1",2,1,1,0
"GATGAAAAGATGGCGT-1",2,1,1,0
"GATGAAAAGGTCGGAT-1",2,1,1,0
"GATGAAACAGGTGCCT-1",2,1,0,1
"GATGAAAGTTCCACTC-1",2,1,1,0
"GATGAAATCGCACTCT-1",2,1,1,0
"GATGAAATCTCCTATA-1",2,1,1,0
"GATGAAATCTGGTATG-1",2,1,0,1
"GATGAGGAGCGACGTA-1",2,1,1,0
"GATGAGGAGGACAGCT-1",2,1,0,1
"GATGAGGAGGGAAACA-1",2,1,1,0
"GATGAGGAGTCATGCT-1",2,1,1,0
"GATGAGGCACATGGGA-1",2,1,0,1
"GATGAGGGTAAACGCG-1",2,1,1,0
"GATGAGGTCCATGCTC-1",2,1,0,1
"GATGAGGTCCCTCAGT-1",2,1,1,0
"GATGAGGTCGTCCGTT-1",2,1,1,0
"GATGCTAAGACACGAC-1",2,1,1,0
"GATGCTAAGACTAGAT-1",2,1,0,1
"GATGCTAAGTTACGGG-1",2,1,1,0
"GATGCTAGTATAAACG-1",2,1,0,1
"GATGCTAGTCCCTTGT-1",2,1,1,0
"GATGCTAGTGGTTTCA-1",2,1,0,1
"GATGCTAGTTTGTTTC-1",2,1,1,0
"GATGCTATCATTCACT-1",2,1,1,0
"GATGCTATCCACTGGG-1",2,1,0,1
"GATGCTATCTCCGGTT-1",2,1,1,0
"GATTCAGAGCCCGAAA-1",2,1,1,0
"GATTCAGAGTGGGATC-1",2,1,0,1
"GATTCAGCAGGATCGA-1",2,1,0,1
"GATTCAGCAGTACACT-1",2,1,1,0
"GATTCAGCATCAGTAC-1",2,1,1,0
"GATTCAGGTAGAGCTG-1",2,1,1,0
"GATTCAGGTCACCCAG-1",2,1,1,0
"GATTCAGGTGACCAAG-1",2,1,0,1
"GATTCAGTCCTGTACC-1",2,1,1,0
"GATTCAGTCTCGAGTA-1",2,1,1,0
"GCAAACTAGCCTTGAT-1",2,1,1,0
"GCAAACTAGCTGCGAA-1",2,1,0,1
"GCAAACTAGGGATCTG-1",2,1,0,1
"GCAAACTGTAGCTCCG-1",2,1,1,0
"GCAAACTTCTACTATC-1",2,1,0,1
"GCAATCAAGATAGGAG-1",2,1,0,1
"GCAATCAAGCAACGGT-1",2,1,1,0
"GCAATCAAGTCCAGGA-1",2,1,0,1
"GCAATCACAGCTTCGG-1",2,1,0,1
"GCAATCACAGGTGCCT-1",2,1,0,1
"GCAATCAGTAATAGCA-1",2,1,1,0
"GCAATCAGTACATCCA-1",2,1,0,1
"GCAATCAGTAGCCTCG-1",2,1,0,1
"GCAATCAGTTCCCTTG-1",2,1,1,0
"GCAATCATCGTTGACA-1",2,1,1,0
"GCAATCATCTGCCCTA-1",2,1,0,1
"GCAATCATCTTTAGTC-1",2,1,0,1
"GCACATAAGCTCTCGG-1",2,1,0,1
"GCACATAAGGGCTTGA-1",2,1,0,1
"GCACATAAGTACGTTC-1",2,1,1,0
"GCACATAAGTGGACGT-1",2,1,1,0
"GCACATAGTGAGTATA-1",2,1,1,0
"GCACATAGTTATCCGA-1",2,1,1,0
"GCACTCTAGATGTCGG-1",2,1,0,1
"GCACTCTCATTATCTC-1",2,1,1,0
"GCACTCTGTAGGGTAC-1",2,1,1,0
"GCACTCTGTTCCGGCA-1",2,1,1,0
"GCAGCCACATTTCAGG-1",2,1,1,0
"GCAGCCAGTGCGAAAC-1",2,1,1,0
"GCAGTTAAGAAGGGTA-1",2,1,0,1
"GCAGTTAAGAGAGCTC-1",2,1,0,1
"GCAGTTAAGGGTCTCC-1",2,1,1,0
"GCAGTTACATGCGCAC-1",2,1,1,0
"GCAGTTACATGTTGAC-1",2,1,1,0
"GCAGTTAGTAAACCTC-1",2,1,0,1
"GCAGTTAGTAGCGTGA-1",2,1,0,1
"GCATACAAGAGCTGGT-1",2,1,0,1
"GCATACAAGCTAGTTC-1",2,1,1,0
"GCATACAAGCTGTTCA-1",2,1,1,0
"GCATACACACTTACGA-1",2,1,1,0
"GCATACACAGTAGAGC-1",2,1,0,1
"GCATACACATATGAGA-1",2,1,1,0
"GCATACAGTAGAGTGC-1",2,1,0,1
"GCATACATCACGAAGG-1",2,1,1,0
"GCATACATCCAGAGGA-1",3,1,1,1
"GCATGATAGGATGGTC-1",2,1,0,1
"GCATGATAGTCACGCC-1",2,1,1,0
"GCATGATTCTTCGAGA-1",2,1,1,0
"GCATGCGCAAACCCAT-1",2,1,0,1
"GCATGCGCAACTGCGC-1",2,1,1,0
"GCATGCGGTATATCCG-1",2,1,0,1
"GCATGCGGTCAGAATA-1",2,1,1,0
"GCATGCGGTTCCAACA-1",2,1,1,0
"GCATGTAAGCCAACAG-1",2,1,1,0
"GCATGTAAGCGTAGTG-1",2,1,1,0
"GCATGTAAGTAGGTGC-1",2,1,0,1
"GCATGTACACTGCCAG-1",2,1,1,0
"GCATGTACAGGTCTCG-1",2,1,1,0
"GCATGTATCAGTTCGA-1",2,1,1,0
"GCATGTATCTAAGCCA-1",2,1,1,0
"GCATGTATCTACGAGT-1",2,1,0,1
"GCATGTATCTGATACG-1",3,1,1,1
"GCATGTATCTTCTGGC-1",2,1,1,0
"GCCAAATAGCGTCTAT-1",2,1,1,0
"GCCAAATAGGGTTTCT-1",2,1,1,0
"GCCAAATCACGGATAG-1",2,1,0,1
"GCCAAATGTGGCAAAC-1",2,1,1,0
"GCCAAATTCTTCGGTC-1",2,1,0,1
"GCCTCTAAGGCTCTTA-1",2,1,1,0
"GCCTCTAAGTGCTGCC-1",2,1,0,1
"GCCTCTATCCGCTGTT-1",2,1,0,1
"GCCTCTATCTGAGTGT-1",2,1,0,1
"GCGACCAAGAGATGAG-1",2,1,1,0
"GCGACCAAGAGCCCAA-1",2,1,1,0
"GCGACCAAGATCCCAT-1",2,1,0,1
"GCGACCACACTGTGTA-1",2,1,0,1
"GCGACCAGTAAACGCG-1",2,1,0,1
"GCGACCAGTATGGTTC-1",2,1,1,0
"GCGACCAGTGCCTGTG-1",2,1,0,1
"GCGACCATCGCCCTTA-1",2,1,1,0
"GCGAGAACAAGCCGTC-1",2,1,0,1
"GCGAGAACAGTCCTTC-1",2,1,0,1
"GCGAGAAGTCATCCCT-1",2,1,1,0
"GCGAGAAGTCATTAGC-1",2,1,0,1
"GCGAGAAGTCTCTCTG-1",2,1,0,1
"GCGAGAATCGACCAGC-1",2,1,1,0
"GCGCAACAGTCACGCC-1",2,1,1,0
"GCGCAACCACTTACGA-1",2,1,0,1
"GCGCAACGTCCGTTAA-1",2,1,1,0
"GCGCAACGTGACTCAT-1",2,1,1,0
"GCGCAGTGTACCGAGA-1",2,1,0,1
"GCGCAGTGTCGGCTCA-1",2,1,1,0
"GCGCAGTGTTTCGCTC-1",2,1,1,0
"GCGCAGTTCCATGAAC-1",2,1,1,0
"GCGCCAAAGGAGTACC-1",2,1,1,0
"GCGCCAAAGTACGCCC-1",2,1,1,0
"GCGCCAACAATCAGAA-1",2,1,0,1
"GCGCCAAGTCTAGAGG-1",2,1,1,0
"GCGCCAAGTGCACGAA-1",2,1,1,0
"GCGCCAAGTGTTGGGA-1",2,1,1,0
"GCGCCAATCGCTAGCG-1",2,1,0,1
"GCGCCAATCGGCTACG-1",2,1,1,0
"GCGCGATAGGATGGTC-1",2,1,1,0
"GCGCGATAGTACGCCC-1",2,1,0,1
"GCGCGATAGTCATCCA-1",2,1,1,0
"GCGCGATCAGCAGTTT-1",2,1,0,1
"GCGCGATCAGGTCGTC-1",2,1,0,1
"GCGCGATCATAGAAAC-1",2,1,0,1
"GCGCGATGTACATGTC-1",2,1,1,0
"GCGCGATGTTCGGGCT-1",3,1,1,1
"GCGCGATTCCTAGTGA-1",2,1,1,0
"GCGCGATTCCTTGGTC-1",2,1,0,1
"GCGGGTTAGATGAGAG-1",2,1,1,0
"GCGGGTTAGCAAATCA-1",2,1,1,0
"GCGGGTTAGGCTAGCA-1",2,1,1,0
"GCGGGTTAGGGTTTCT-1",2,1,0,1
"GCGGGTTCATGCGCAC-1",2,1,0,1
"GCGGGTTGTCCGAAGA-1",2,1,1,0
"GCGGGTTGTGACCAAG-1",2,1,0,1
"GCGGGTTGTTTGTTTC-1",2,1,0,1
"GCGGGTTTCAACCATG-1",2,1,0,1
"GCGGGTTTCACCCTCA-1",2,1,1,0
"GCGGGTTTCATTTGGG-1",2,1,0,1
"GCTCCTAAGAGCTATA-1",2,1,1,0
"GCTCCTAAGTGGACGT-1",2,1,0,1
"GCTCCTACACCGTTGG-1",2,1,0,1
"GCTCCTACAGTCACTA-1",3,1,0,2
"GCTCCTACATGGGACA-1",2,1,1,0
"GCTCCTAGTGGTAACG-1",2,1,1,0
"GCTCCTATCTAGCACA-1",3,1,0,2
"GCTCTGTAGGCGATAC-1",2,1,1,0
"GCTCTGTCACAAGTAA-1",2,1,1,0
"GCTCTGTCATGTTCCC-1",2,1,1,0
"GCTCTGTCATTGGCGC-1",2,1,0,1
"GCTCTGTCATTTCACT-1",2,1,1,0
"GCTGCAGAGGACCACA-1",2,1,0,1
"GCTGCAGAGGCGATAC-1",2,1,1,0
"GCTGCAGAGTGCCATT-1",2,1,1,0
"GCTGCAGGTAGCTTGT-1",2,1,1,0
"GCTGCAGGTCCAGTTA-1",2,1,0,1
"GCTGCGAAGACTAAGT-1",2,1,1,0
"GCTGCGAAGCTACCTA-1",2,1,1,0
"GCTGCGACAAGGACTG-1",2,1,1,0
"GCTGCGAGTTAGGGTG-1",2,1,0,1
"GCTGCGAGTTGGGACA-1",2,1,1,0
"GCTGCTTAGCGATTCT-1",2,1,1,0
"GCTGCTTAGTCCTCCT-1",2,1,0,1
"GCTGCTTCACAACGCC-1",2,1,1,0
"GCTGCTTCATGTTGAC-1",2,1,1,0
"GCTGCTTGTAGCGTGA-1",2,1,0,1
"GCTGCTTGTTGCCTCT-1",2,1,0,1
"GCTGGGTAGTTCCACA-1",2,1,1,0
"GCTGGGTAGTTCGCAT-1",2,1,1,0
"GCTGGGTCACGTAAGG-1",2,1,1,0
"GCTGGGTCAGACACTT-1",2,1,1,0
"GCTGGGTGTGTGAATA-1",2,1,0,1
"GCTGGGTTCACCAGGC-1",2,1,1,0
"GCTGGGTTCATTGCCC-1",2,1,1,0
"GCTGGGTTCTGCGACG-1",2,1,1,0
"GCTTCCAGTGAGGCTA-1",2,1,1,0
"GCTTCCATCGTGGACC-1",2,1,1,0
"GCTTCCATCTTTACGT-1",2,1,0,1
"GCTTGAAAGTACGTTC-1",2,1,1,0
"GCTTGAAAGTCCAGGA-1",2,1,0,1
"GCTTGAACACACGCTG-1",2,1,1,0
"GCTTGAACAGTATAAG-1",2,1,0,1
"GCTTGAATCGCCGTGA-1",2,1,0,1
"GGAAAGCAGGCTACGA-1",2,1,1,0
"GGAAAGCAGTGTACTC-1",2,1,1,0
"GGAAAGCCACAGCGTC-1",2,1,0,1
"GGAAAGCCAGCTGTTA-1",2,1,0,1
"GGAAAGCCAGTGACAG-1",2,1,1,0
"GGAAAGCCATGGTCAT-1",2,1,0,1
"GGAAAGCCATTAGCCA-1",2,1,0,1
"GGAAAGCGTAATCACC-1",2,1,1,0
"GGAAAGCGTCCAGTGC-1",2,1,0,1
"GGAAAGCTCGGACAAG-1",2,1,1,0
"GGAAAGCTCTCCCTGA-1",2,1,1,0
"GGAACTTAGATTACCC-1",2,1,0,1
"GGAACTTAGCTAAACA-1",2,1,0,1
"GGAACTTCAGGGAGAG-1",2,1,1,0
"GGAACTTCATTCCTGC-1",2,1,0,1
"GGAACTTGTAAACACA-1",2,1,1,0
"GGAACTTGTACGCTGC-1",2,1,0,1
"GGAACTTGTAGGCTGA-1",2,1,1,0
"GGAACTTGTATATCCG-1",3,1,1,1
"GGAACTTGTCCAAGTT-1",2,1,1,0
"GGAACTTTCACATACG-1",2,1,1,0
"GGAACTTTCCGTTGTC-1",2,1,1,0
"GGAATAAAGCACAGGT-1",2,1,1,0
"GGAATAAAGCTCAACT-1",2,1,0,1
"GGAATAAAGTGATCGG-1",2,1,1,0
"GGAATAAGTAACGCGA-1",2,1,1,0
"GGAATAATCTCGCATC-1",2,1,0,1
"GGACAAGCAGGTGGAT-1",2,1,1,0
"GGACAAGCATATACCG-1",2,1,0,1
"GGACAAGCATGCCTAA-1",2,1,0,1
"GGACAAGGTTGATTCG-1",2,1,1,0
"GGACAAGTCATGTCTT-1",2,1,1,0
"GGACAGACAAGTTGTC-1",2,1,1,0
"GGACAGACACAGAGGT-1",2,1,1,0
"GGACAGACACTGAAGG-1",2,1,0,1
"GGACAGATCACGACTA-1",2,1,0,1
"GGACAGATCGTTACGA-1",2,1,1,0
"GGACAGATCGTTGACA-1",2,1,0,1
"GGACATTAGATTACCC-1",2,1,1,0
"GGACATTAGCCAGTAG-1",2,1,1,0
"GGACATTAGGTGATTA-1",2,1,1,0
"GGACATTAGTAGGCCA-1",2,1,0,1
"GGACATTCATTGTGCA-1",2,1,0,1
"GGACATTGTAATAGCA-1",2,1,1,0
"GGACATTTCAACGGGA-1",2,1,0,1
"GGACATTTCCGAAGAG-1",2,1,1,0
"GGACATTTCCTGCAGG-1",2,1,0,1
"GGACATTTCTCGCTTG-1",2,1,1,0
"GGACATTTCTCTGAGA-1",3,1,1,1
"GGACGTCAGTACATGA-1",2,1,1,0
"GGACGTCCATTGGTAC-1",2,1,0,1
"GGACGTCTCCGCGTTT-1",2,1,1,0
"GGACGTCTCCTCAATT-1",2,1,0,1
"GGAGCAAAGATGAGAG-1",2,1,0,1
"GGAGCAACATACTACG-1",2,1,1,0
"GGAGCAACATTACGAC-1",2,1,1,0
"GGAGCAAGTACACCGC-1",2,1,1,0
"GGAGCAAGTGCAGACA-1",2,1,1,0
"GGAGCAAGTTCAGGCC-1",2,1,1,0
"GGAGCAAGTTCGCGAC-1",2,1,0,1
"GGAGCAATCAACCAAC-1",2,1,0,1
"GGAGCAATCGCCTGAG-1",2,1,1,0
"GGATGTTAGTTTGCGT-1",2,1,1,0
"GGATGTTCATCTATGG-1",2,1,1,0
"GGATGTTGTACAGTGG-1",2,1,0,1
"GGATTACAGGCGATAC-1",2,1,1,0
"GGATTACCACTTCGAA-1",2,1,1,0
"GGATTACCAGATCTGT-1",2,1,1,0
"GGATTACGTATTCGTG-1",2,1,0,1
"GGATTACGTCACAAGG-1",2,1,1,0
"GGATTACGTCCTGCTT-1",2,1,1,0
"GGATTACTCACCCTCA-1",2,1,1,0
"GGATTACTCATGTGGT-1",2,1,1,0
"GGATTACTCGTCACGG-1",2,1,0,1
"GGCAATTAGCAGCCTC-1",2,1,1,0
"GGCAATTCAAGTAGTA-1",2,1,1,0
"GGCAATTGTCCAGTTA-1",2,1,0,1
"GGCAATTGTCTTCGTC-1",2,1,1,0
"GGCAATTGTTGATTCG-1",2,1,1,0
"GGCAATTTCAGCACAT-1",2,1,0,1
"GGCAATTTCAGGCGAA-1",2,1,1,0
"GGCAATTTCGAGAGCA-1",2,1,1,0
"GGCCGATAGCCAGTTT-1",2,1,0,1
"GGCCGATCACAGCCCA-1",2,1,1,0
"GGCCGATCAGGTTTCA-1",2,1,1,0
"GGCCGATCATGAGCGA-1",2,1,0,1
"GGCCGATGTAGTAGTA-1",2,1,1,0
"GGCCGATGTGAGTGAC-1",2,1,0,1
"GGCCGATGTTGTGGAG-1",2,1,1,0
"GGCCGATTCGGTTAAC-1",2,1,1,0
"GGCCGATTCGTATCAG-1",2,1,0,1
"GGCGACTAGACTGTAA-1",2,1,1,0
"GGCGACTAGACTTTCG-1",2,1,0,1
"GGCGACTAGCTATGCT-1",2,1,0,1
"GGCGACTCAAAGGCGT-1",2,1,0,1
"GGCGACTCAATGACCT-1",2,1,0,1
"GGCGACTCATCACGTA-1",2,1,1,0
"GGCGACTGTCACTTCC-1",2,1,0,1
"GGCGACTGTCGATTGT-1",2,1,1,0
"GGCGACTGTGAAATCA-1",2,1,0,1
"GGCGACTGTGTCAATC-1",2,1,1,0
"GGCGACTGTGTTCTTT-1",2,1,1,0
"GGCGACTTCCTGCAGG-1",2,1,0,1
"GGCGACTTCGGTTCGG-1",2,1,1,0
"GGCGTGTCACATCTTT-1",2,1,1,0
"GGCGTGTCACTAAGTC-1",2,1,1,0
"GGCGTGTTCACCACCT-1",2,1,0,1
"GGCGTGTTCAGTGCAT-1",2,1,1,0
"GGCGTGTTCCAAATGC-1",2,1,0,1
"GGCGTGTTCTTGAGGT-1",2,1,0,1
"GGCTCGAAGACAATAC-1",2,1,1,0
"GGCTCGAAGTGCGTGA-1",2,1,0,1
"GGCTCGACACTGTTAG-1",2,1,1,0
"GGCTCGAGTACCGAGA-1",2,1,1,0
"GGCTCGATCAACGCTA-1",2,1,1,0
"GGCTCGATCTGGCGAC-1",2,1,1,0
"GGCTGGTAGAATGTTG-1",2,1,0,1
"GGCTGGTAGAATTGTG-1",2,1,0,1
"GGCTGGTAGCTAGTTC-1",2,1,0,1
"GGCTGGTGTATATGGA-1",3,1,2,0
"GGCTGGTGTTGAACTC-1",2,1,1,0
"GGCTGGTTCATCGCTC-1",2,1,0,1
"GGCTGGTTCTTACCGC-1",2,1,1,0
"GGGAATGCAGTTAACC-1",2,1,0,1
"GGGAATGGTACCGCTG-1",2,1,1,0
"GGGAATGGTTCCACAA-1",2,1,1,0
"GGGACCTAGAATTCCC-1",2,1,0,1
"GGGACCTGTCTCATCC-1",2,1,1,0
"GGGACCTGTGATAAGT-1",2,1,0,1
"GGGACCTTCGAGAACG-1",2,1,0,1
"GGGAGATAGGATCGCA-1",2,1,0,1
"GGGAGATGTTAAGTAG-1",2,1,0,1
"GGGAGATTCACAAACC-1",2,1,1,0
"GGGAGATTCGCATGAT-1",2,1,1,0
"GGGATGAAGGATGGAA-1",2,1,1,0
"GGGATGAAGTCCTCCT-1",2,1,1,0
"GGGATGAGTATGAAAC-1",2,1,0,1
"GGGATGATCTTTACGT-1",2,1,1,0
"GGGCACTAGCATGGCA-1",2,1,1,0
"GGGCACTAGCTGCAAG-1",2,1,1,0
"GGGCACTCATGGTCAT-1",2,1,1,0
"GGGCACTGTCTCTTAT-1",2,1,1,0
"GGGCATCAGCAGGCTA-1",3,1,1,1
"GGGCATCAGTCAAGGC-1",2,1,1,0
"GGGCATCAGTCCGTAT-1",2,1,1,0
"GGGCATCCACAAGCCC-1",2,1,1,0
"GGGCATCCAGGGATTG-1",2,1,0,1
"GGGCATCCATACCATG-1",2,1,1,0
"GGGCATCCATCACAAC-1",2,1,1,0
"GGGCATCGTCATACTG-1",2,1,1,0
"GGGCATCGTGGTTTCA-1",2,1,0,1
"GGGTCTGCACACCGAC-1",2,1,1,0
"GGGTCTGGTACGACCC-1",2,1,0,1
"GGGTCTGGTAGCAAAT-1",2,1,0,1
"GGGTCTGGTCAACATC-1",2,1,1,0
"GGGTCTGGTTAAGAAC-1",2,1,1,0
"GGGTCTGTCGCATGAT-1",2,1,1,0
"GGGTCTGTCTCTGCTG-1",2,1,1,0
"GGGTTGCCACCTATCC-1",2,1,1,0
"GGTATTGAGACATAAC-1",2,1,1,0
"GGTATTGAGGATGCGT-1",2,1,1,0
"GGTATTGGTGACGGTA-1",2,1,1,0
"GGTATTGTCTCGTTTA-1",2,1,1,0
"GGTGAAGAGAGTAAGG-1",2,1,1,0
"GGTGAAGCAAAGCAAT-1",2,1,1,0
"GGTGAAGCACCCAGTG-1",2,1,1,0
"GGTGAAGCACTGCCAG-1",2,1,0,1
"GGTGAAGCAGATTGCT-1",2,1,1,0
"GGTGAAGCATGCTAGT-1",2,1,1,0
"GGTGAAGGTCTTGCGG-1",2,1,1,0
"GGTGAAGGTGGGTATG-1",2,1,1,0
"GGTGAAGTCTGTCTAT-1",2,1,1,0
"GGTGCGTAGCCCAGCT-1",2,1,0,1
"GGTGCGTAGGCCATAG-1",2,1,1,0
"GGTGCGTAGGGTTCCC-1",2,1,1,0
"GGTGCGTCAATGGATA-1",2,1,1,0
"GGTGCGTGTCGGCATC-1",2,1,0,1
"GGTGCGTTCAAACAAG-1",2,1,0,1
"GGTGTTAAGCTAGCCC-1",2,1,1,0
"GGTGTTAGTTTGTTGG-1",2,1,1,0
"GGTGTTATCATTATCC-1",2,1,0,1
"GGTGTTATCCCGGATG-1",2,1,1,0
"GGTGTTATCGCCATAA-1",2,1,0,1
"GTAACGTTCCACGTTC-1",2,1,1,0
"GTAACTGAGGGCACTA-1",2,1,0,1
"GTAACTGAGTAGGTGC-1",2,1,1,0
"GTAACTGCACGTCAGC-1",2,1,0,1
"GTAACTGCAGACAAAT-1",2,1,1,0
"GTAACTGCAGGCTCAC-1",2,1,1,0
"GTAACTGCATATACCG-1",2,1,0,1
"GTAACTGGTCGCTTTC-1",2,1,1,0
"GTAACTGGTTTGACAC-1",2,1,0,1
"GTAACTGTCCTACAGA-1",2,1,0,1
"GTACGTAAGCTAACAA-1",2,1,1,0
"GTACGTACAAGACACG-1",3,1,1,1
"GTACGTAGTAGATTAG-1",2,1,1,0
"GTACGTATCCGTAGTA-1",2,1,1,0
"GTACGTATCCTAGGGC-1",2,1,1,0
"GTACGTATCTTGCCGT-1",2,1,1,0
"GTACTCCAGCCATCGC-1",2,1,0,1
"GTACTCCCAATGAATG-1",2,1,0,1
"GTACTCCGTGTGACCC-1",2,1,1,0
"GTACTCCGTTCGCTAA-1",2,1,1,0
"GTACTCCTCCCTAATT-1",2,1,1,0
"GTACTCCTCGGCGCTA-1",2,1,1,0
"GTACTTTAGGCAGTCA-1",2,1,0,1
"GTACTTTCACGTTGGC-1",2,1,1,0
"GTACTTTCAGGATCGA-1",2,1,1,0
"GTACTTTGTCTAACGT-1",2,1,1,0
"GTACTTTTCACATACG-1",2,1,1,0
"GTACTTTTCCCTCAGT-1",2,1,1,0
"GTAGGCCAGAGGACGG-1",2,1,1,0
"GTAGGCCAGCCAGTTT-1",2,1,1,0
"GTAGGCCAGTCCGGTC-1",2,1,1,0
"GTAGGCCCAGACAGGT-1",2,1,1,0
"GTAGGCCGTAGCGTGA-1",2,1,1,0
"GTAGGCCGTCACCCAG-1",2,1,1,0
"GTAGTCAAGAAACGCC-1",2,1,1,0
"GTAGTCACAGCTGTGC-1",2,1,0,1
"GTAGTCACAGGAACGT-1",2,1,1,0
"GTAGTCACATGCCCGA-1",2,1,0,1
"GTAGTCAGTAGGGTAC-1",2,1,1,0
"GTAGTCATCCGAGCCA-1",2,1,0,1
"GTAGTCATCTCTGTCG-1",2,1,1,0
"GTAGTCATCTTATCTG-1",2,1,1,0
"GTATCTTCAAGACACG-1",2,1,1,0
"GTATCTTCACGAAACG-1",2,1,0,1
"GTATCTTCATTACCTT-1",2,1,1,0
"GTATCTTGTAAGGATT-1",2,1,1,0
"GTATCTTGTATTAGCC-1",2,1,1,0
"GTATCTTGTTATGTGC-1",2,1,1,0
"GTATCTTTCCTTGGTC-1",2,1,1,0
"GTATCTTTCTAACGGT-1",2,1,0,1
"GTATTCTAGAGTAAGG-1",2,1,1,0
"GTATTCTAGCTGCGAA-1",2,1,1,0
"GTATTCTCAAGCGTAG-1",2,1,0,1
"GTATTCTGTGCATCTA-1",2,1,1,0
"GTCAAGTAGACACTAA-1",2,1,0,1
"GTCAAGTAGTTAGGTA-1",2,1,0,1
"GTCAAGTCATCATCCC-1",2,1,1,0
"GTCAAGTTCTGAGGGA-1",2,1,1,0
"GTCAAGTTCTGTCCGT-1",2,1,1,0
"GTCACAAAGGCTATCT-1",2,1,0,1
"GTCACAAGTTCAGACT-1",2,1,0,1
"GTCACAATCACTTACT-1",2,1,1,0
"GTCACAATCCACGTTC-1",2,1,1,0
"GTCACAATCTTTAGTC-1",2,1,0,1
"GTCACGGCAATGAAAC-1",2,1,1,0
"GTCACGGCACCTCGGA-1",2,1,1,0
"GTCACGGGTCACCTAA-1",2,1,1,0
"GTCACGGTCCAGGGCT-1",2,1,1,0
"GTCACGGTCTCACATT-1",2,1,0,1
"GTCATTTAGTTGAGAT-1",2,1,1,0
"GTCATTTCACACCGCA-1",2,1,0,1
"GTCATTTCATTCTCAT-1",2,1,1,0
"GTCATTTCATTTCAGG-1",3,1,1,1
"GTCATTTGTACTCGCG-1",2,1,1,0
"GTCATTTGTAGGCTGA-1",2,1,1,0
"GTCATTTGTGACAAAT-1",2,1,1,0
"GTCATTTTCACTGGGC-1",2,1,1,0
"GTCATTTTCATTATCC-1",3,1,0,2
"GTCATTTTCTGCAAGT-1",2,1,1,0
"GTCCTCAAGTCATGCT-1",2,1,1,0
"GTCCTCAGTCGAGATG-1",2,1,1,0
"GTCCTCATCGCCTGTT-1",2,1,1,0
"GTCCTCATCTATCCTA-1",2,1,1,0
"GTCCTCATCTGTACGA-1",2,1,1,0
"GTCGGGTCAATGGTCT-1",2,1,1,0
"GTCGGGTCATGGTAGG-1",2,1,1,0
"GTCGGGTTCCAGAGGA-1",2,1,0,1
"GTCGTAAAGGGCTTCC-1",2,1,0,1
"GTCGTAACAATTCCTT-1",2,1,1,0
"GTCGTAACACCTGGTG-1",2,1,0,1
"GTCGTAACATTGGGCC-1",2,1,1,0
"GTCGTAAGTCATGCAT-1",2,1,1,0
"GTCGTAATCTCGTATT-1",2,1,1,0
"GTCTCGTCAAACCTAC-1",2,1,0,1
"GTCTCGTCAAGGACTG-1",2,1,0,1
"GTCTCGTCACATCCGG-1",2,1,1,0
"GTCTCGTCAGTGACAG-1",2,1,0,1
"GTCTCGTGTGCAGGTA-1",2,1,1,0
"GTCTCGTGTTGCCTCT-1",2,1,0,1
"GTCTTCGAGTCTTGCA-1",2,1,1,0
"GTCTTCGGTAAATACG-1",2,1,1,0
"GTCTTCGGTCATGCCG-1",2,1,0,1
"GTCTTCGTCGACCAGC-1",2,1,0,1
"GTGAAGGCAGGCTGAA-1",3,1,2,0
"GTGAAGGGTGTGGTTT-1",2,1,1,0
"GTGAAGGTCACTGGGC-1",2,1,1,0
"GTGCAGCAGCGGATCA-1",2,1,0,1
"GTGCAGCAGTAATCCC-1",2,1,1,0
"GTGCAGCCACGGCGTT-1",2,1,1,0
"GTGCAGCCAGCGATCC-1",2,1,1,0
"GTGCAGCCATGACGGA-1",2,1,0,1
"GTGCAGCGTCCGACGT-1",2,1,0,1
"GTGCAGCGTGGCTCCA-1",2,1,1,0
"GTGCAGCGTTGTCTTT-1",2,1,1,0
"GTGCAGCTCCTTGACC-1",2,1,1,0
"GTGCATAAGGAGTAGA-1",2,1,0,1
"GTGCATAAGTCGATAA-1",2,1,0,1
"GTGCATACAAGCCGTC-1",2,1,1,0
"GTGCATACAAGGTTTC-1",2,1,1,0
"GTGCATACAATCAGAA-1",2,1,1,0
"GTGCATACATGGGACA-1",2,1,0,1
"GTGCATAGTGTTCTTT-1",2,1,0,1
"GTGCATATCAAGATCC-1",2,1,1,0
"GTGCATATCGCGTAGC-1",2,1,0,1
"GTGCATATCGGCATCG-1",2,1,1,0
"GTGCGGTAGCTATGCT-1",2,1,0,1
"GTGCGGTAGGCTCAGA-1",2,1,0,1
"GTGCGGTAGTCGTTTG-1",2,1,1,0
"GTGCGGTCAATCACAC-1",2,1,0,1
"GTGCGGTCACCTGGTG-1",2,1,0,1
"GTGCGGTCACGAAGCA-1",2,1,0,1
"GTGCGGTTCATCGGAT-1",2,1,0,1
"GTGCGGTTCTCAAACG-1",2,1,0,1
"GTGCGGTTCTCTTATG-1",2,1,0,1
"GTGCGGTTCTGAGGGA-1",2,1,1,0
"GTGCTTCAGAATAGGG-1",2,1,0,1
"GTGCTTCAGTTGAGAT-1",2,1,0,1
"GTGCTTCCAAGCGAGT-1",2,1,0,1
"GTGCTTCCAAGCTGAG-1",2,1,1,0
"GTGCTTCGTGTGAATA-1",2,1,0,1
"GTGCTTCTCGACAGCC-1",2,1,1,0
"GTGGGTCAGCCAACAG-1",2,1,1,0
"GTGGGTCAGCTAGGCA-1",2,1,1,0
"GTGGGTCTCGAATGCT-1",2,1,1,0
"GTGTGCGAGAGCCCAA-1",2,1,1,0
"GTGTGCGAGCCTTGAT-1",2,1,1,0
"GTGTGCGCATACTACG-1",2,1,1,0
"GTGTGCGGTCAGAATA-1",2,1,0,1
"GTGTTAGAGAACTGTA-1",2,1,1,0
"GTGTTAGAGAAGGCCT-1",2,1,0,1
"GTGTTAGAGATGTTAG-1",2,1,1,0
"GTGTTAGCAGAGCCAA-1",2,1,0,1
"GTGTTAGCAGCTGTTA-1",2,1,1,0
"GTGTTAGCAGTCGTGC-1",2,1,1,0
"GTGTTAGCATTGGGCC-1",2,1,1,0
"GTGTTAGGTCCGTCAG-1",2,1,0,1
"GTGTTAGTCATGTGGT-1",2,1,1,0
"GTGTTAGTCCAGATCA-1",2,1,0,1
"GTTAAGCAGAGCCCAA-1",2,1,1,0
"GTTAAGCAGCGAAGGG-1",2,1,1,0
"GTTAAGCCAGTGAGTG-1",2,1,1,0
"GTTAAGCTCAGGCGAA-1",2,1,0,1
"GTTAAGCTCAGGTAAA-1",2,1,0,1
"GTTAAGCTCGCACTCT-1",2,1,1,0
"GTTACAGGTATATGAG-1",2,1,1,0
"GTTACAGTCATGCAAC-1",2,1,1,0
"GTTCATTAGAAAGTGG-1",2,1,1,0
"GTTCATTAGAGACGAA-1",2,1,1,0
"GTTCATTAGTATTGGA-1",2,1,0,1
"GTTCATTAGTCCGTAT-1",2,1,1,0
"GTTCATTGTATATCCG-1",2,1,0,1
"GTTCATTGTCAGATAA-1",2,1,0,1
"GTTCATTGTCGCTTTC-1",2,1,1,0
"GTTCATTGTTAAGAAC-1",2,1,0,1
"GTTCATTTCCCACTTG-1",2,1,1,0
"GTTCATTTCTAACGGT-1",2,1,1,0
"GTTCGGGAGGGTCGAT-1",2,1,1,0
"GTTCGGGGTACTTCTT-1",2,1,0,1
"GTTCGGGGTCCATGAT-1",2,1,0,1
"GTTCGGGGTCTGATCA-1",2,1,1,0
"GTTCGGGGTGCTAGCC-1",2,1,1,0
"GTTCGGGTCAACCATG-1",2,1,1,0
"GTTCGGGTCTACGAGT-1",3,1,2,0
"GTTCTCGAGCCAACAG-1",2,1,1,0
"GTTCTCGAGTAGTGCG-1",2,1,1,0
"GTTCTCGCATTTGCCC-1",2,1,1,0
"GTTCTCGGTAAACCTC-1",2,1,1,0
"GTTCTCGGTGTTAAGA-1",2,1,0,1
"GTTCTCGGTTACGCGC-1",2,1,1,0
"GTTCTCGTCGCGATCG-1",2,1,0,1
"GTTTCTAAGAAGATTC-1",2,1,1,0
"GTTTCTAAGACAGACC-1",2,1,1,0
"GTTTCTAGTACCAGTT-1",2,1,1,0
"GTTTCTATCCAGAAGG-1",2,1,0,1
"GTTTCTATCCGTTGCT-1",2,1,1,0
"GTTTCTATCTCTAAGG-1",2,1,1,0
"TAAACCGCACCGATAT-1",2,1,1,0
"TAAACCGCATCCGTGG-1",2,1,0,1
"TAAACCGGTACGAAAT-1",2,1,1,0
"TAAACCGGTCCGTGAC-1",2,1,1,0
"TAAACCGTCGGCTACG-1",2,1,1,0
"TAAACCGTCTGCTGCT-1",2,1,1,0
"TAAGAGAAGAGTTGGC-1",2,1,1,0
"TAAGAGAAGCGAGAAA-1",2,1,0,1
"TAAGAGACACGAAATA-1",2,1,0,1
"TAAGAGACACTGTCGG-1",2,1,1,0
"TAAGAGACAGTTCATG-1",2,1,1,0
"TAAGAGAGTGAAAGAG-1",2,1,0,1
"TAAGAGATCAAGATCC-1",2,1,1,0
"TAAGCGTCAGTCAGAG-1",2,1,0,1
"TAAGCGTGTCTAGTGT-1",2,1,1,0
"TAAGCGTGTCTCATCC-1",2,1,1,0
"TAAGTGCAGAAGGTTT-1",2,1,0,1
"TAAGTGCCAATCTACG-1",3,1,1,1
"TAAGTGCCAATGGACG-1",2,1,0,1
"TAAGTGCCACACAGAG-1",2,1,1,0
"TAAGTGCCACCGCTAG-1",2,1,1,0
"TAAGTGCCACGGTTTA-1",2,1,0,1
"TAAGTGCCAGTAACGG-1",2,1,1,0
"TAAGTGCGTTATCACG-1",2,1,1,0
"TAAGTGCTCAATCACG-1",2,1,0,1
"TAAGTGCTCTGAGTGT-1",3,1,1,1
"TACACGAAGAACAATC-1",2,1,1,0
"TACACGAAGAAGGTGA-1",2,1,1,0
"TACACGAAGCTGTCTA-1",2,1,1,0
"TACACGACAATCCGAT-1",2,1,1,0
"TACACGACAGAAGCAC-1",3,1,2,0
"TACACGACATCAGTCA-1",2,1,0,1
"TACACGACATTCACTT-1",2,1,1,0
"TACACGACATTGCGGC-1",2,1,0,1
"TACACGAGTATAGGTA-1",2,1,1,0
"TACACGAGTTGCGTTA-1",2,1,1,0
"TACACGATCAGGATCT-1",2,1,0,1
"TACACGATCGTGGTCG-1",2,1,0,1
"TACACGATCTTCATGT-1",2,1,1,0
"TACAGTGAGATCCCAT-1",2,1,0,1
"TACAGTGCAGGGCATA-1",2,1,1,0
"TACAGTGGTCATATGC-1",2,1,1,0
"TACAGTGTCAGTCAGT-1",2,1,1,0
"TACAGTGTCCAAACAC-1",2,1,1,0
"TACCTATGTCCGTTAA-1",2,1,0,1
"TACCTATGTCTCTCGT-1",2,1,1,0
"TACCTATGTTCAACCA-1",2,1,1,0
"TACCTTAAGATCTGCT-1",2,1,1,0
"TACCTTAAGCTAGGCA-1",2,1,0,1
"TACCTTAAGGACCACA-1",2,1,0,1
"TACCTTAAGTATTGGA-1",2,1,1,0
"TACCTTAAGTGTACTC-1",2,1,1,0
"TACCTTACAGTGACAG-1",2,1,0,1
"TACCTTATCACGCGGT-1",2,1,1,0
"TACCTTATCAGCGACC-1",2,1,0,1
"TACGGATAGCCAACAG-1",2,1,1,0
"TACGGATAGGATCGCA-1",2,1,1,0
"TACGGATAGTCGTACT-1",2,1,1,0
"TACGGATCATCGGGTC-1",2,1,1,0
"TACGGATGTACAGCAG-1",2,1,0,1
"TACGGATGTAGCTGCC-1",2,1,0,1
"TACGGATGTCAACTGT-1",2,1,1,0
"TACGGATGTCTGCAAT-1",2,1,1,0
"TACGGATTCGTCTGCT-1",2,1,0,1
"TACGGATTCTCGAGTA-1",2,1,1,0
"TACGGGCAGAGTGACC-1",2,1,0,1
"TACGGGCAGCCCAACC-1",2,1,1,0
"TACGGGCAGGGCACTA-1",2,1,1,0
"TACGGGCAGTCTCCTC-1",2,1,1,0
"TACGGGCCACATTCGA-1",2,1,1,0
"TACGGGCCACTGTTAG-1",2,1,1,0
"TACGGGCGTACACCGC-1",2,1,1,0
"TACGGGCGTCGCGGTT-1",2,1,0,1
"TACGGGCGTTAAAGAC-1",2,1,1,0
"TACGGGCTCCAAGTAC-1",2,1,0,1
"TACGGGCTCCACGTGG-1",2,1,1,0
"TACGGGCTCCCTTGCA-1",2,1,1,0
"TACGGGCTCTCCCTGA-1",2,1,0,1
"TACGGTAAGATGCCAG-1",2,1,0,1
"TACGGTACACATGTGT-1",2,1,0,1
"TACGGTACACTTAACG-1",2,1,0,1
"TACGGTAGTCAACATC-1",2,1,1,0
"TACGGTATCGAGCCCA-1",2,1,1,0
"TACGGTATCGCCTGAG-1",2,1,0,1
"TACTCATAGAAACGCC-1",2,1,0,1
"TACTCATAGTACACCT-1",2,1,0,1
"TACTCATCAGGGAGAG-1",2,1,0,1
"TACTCATGTCTAAAGA-1",2,1,0,1
"TACTCATGTCTCAACA-1",2,1,0,1
"TACTCATTCCAGAAGG-1",3,1,2,0
"TACTCATTCCGAACGC-1",2,1,0,1
"TACTCATTCTTGTATC-1",2,1,1,0
"TACTCGCGTACCGCTG-1",2,1,0,1
"TACTCGCTCGTCCAGG-1",2,1,0,1
"TACTCGCTCTTGAGGT-1",2,1,1,0
"TACTTACAGGACAGAA-1",2,1,0,1
"TACTTACAGTGAATTG-1",2,1,1,0
"TACTTACCACGCATCG-1",2,1,1,0
"TACTTACCATCGGACC-1",2,1,0,1
"TACTTACGTAGAGTGC-1",2,1,1,0
"TACTTACGTTGCCTCT-1",2,1,1,0
"TACTTACTCACCTCGT-1",2,1,1,0
"TACTTGTCAAGAAAGG-1",2,1,1,0
"TACTTGTCAGCGTCCA-1",2,1,1,0
"TACTTGTGTACTTAGC-1",2,1,1,0
"TACTTGTGTGTTGGGA-1",2,1,0,1
"TACTTGTTCAGTTGAC-1",2,1,1,0
"TAGACCAAGCGTAGTG-1",2,1,1,0
"TAGACCAAGTAGTGCG-1",2,1,0,1
"TAGACCACAAGCGTAG-1",2,1,1,0
"TAGACCACAGGAATGC-1",2,1,0,1
"TAGACCAGTCGCGTGT-1",2,1,1,0
"TAGACCATCCTTGCCA-1",2,1,0,1
"TAGAGCTAGTCCATAC-1",2,1,0,1
"TAGAGCTGTCACAAGG-1",2,1,0,1
"TAGAGCTGTCCTAGCG-1",3,1,1,1
"TAGAGCTGTCTTGTCC-1",2,1,1,0
"TAGAGCTGTGCTCTTC-1",2,1,1,0
"TAGAGCTGTTACCGAT-1",2,1,1,0
"TAGAGCTTCCTTGACC-1",2,1,0,1
"TAGCCGGCATTCTCAT-1",2,1,1,0
"TAGCCGGGTAAAGGAG-1",2,1,1,0
"TAGCCGGTCCACTCCA-1",2,1,1,0
"TAGCCGGTCTCCAACC-1",2,1,1,0
"TAGGCATAGCTAGTGG-1",2,1,1,0
"TAGGCATCAGATAATG-1",2,1,1,0
"TAGGCATTCAAACCAC-1",3,1,0,2
"TAGGCATTCCGCATCT-1",2,1,0,1
"TAGGCATTCGCAGGCT-1",2,1,1,0
"TAGTGGTGTATAGGGC-1",2,1,0,1
"TAGTGGTTCTGTTTGT-1",2,1,0,1
"TAGTTGGAGAAGATTC-1",2,1,1,0
"TAGTTGGAGATAGCAT-1",2,1,0,1
"TAGTTGGCACGAAAGC-1",2,1,1,0
"TAGTTGGGTGCAACGA-1",2,1,1,0
"TAGTTGGTCCGAGCCA-1",2,1,0,1
"TAGTTGGTCGGTCTAA-1",2,1,0,1
"TATCAGGAGAATGTTG-1",3,1,2,0
"TATCAGGAGCACACAG-1",2,1,1,0
"TATCAGGAGCTAGCCC-1",2,1,1,0
"TATCAGGAGGCAATTA-1",2,1,0,1
"TATCAGGAGGCAGGTT-1",2,1,1,0
"TATCAGGGTAAGTAGT-1",2,1,1,0
"TATCAGGGTAAGTTCC-1",2,1,0,1
"TATCAGGGTACATCCA-1",2,1,0,1
"TATCAGGTCACGACTA-1",2,1,1,0
"TATCTCAAGACGACGT-1",2,1,1,0
"TATCTCAAGCCATCGC-1",2,1,1,0
"TATCTCAGTATATCCG-1",2,1,1,0
"TATCTCAGTCCGAGTC-1",2,1,0,1
"TATCTCATCCACGAAT-1",2,1,1,0
"TATCTCATCCATGAAC-1",2,1,1,0
"TATCTCATCGCCATAA-1",2,1,0,1
"TATCTCATCGCTGATA-1",2,1,1,0
"TATGCCCAGACTGGGT-1",2,1,0,1
"TATGCCCAGTTGAGTA-1",2,1,0,1
"TATGCCCCACGGTAGA-1",2,1,1,0
"TATGCCCGTACGACCC-1",2,1,1,0
"TATGCCCGTAGGGTAC-1",3,1,0,2
"TATGCCCTCAACCATG-1",2,1,0,1
"TATTACCCAACGCACC-1",2,1,1,0
"TATTACCGTAGCCTCG-1",2,1,1,0
"TATTACCGTCCAGTAT-1",2,1,1,0
"TATTACCGTGGGTATG-1",2,1,1,0
"TATTACCGTTCAGCGC-1",2,1,1,0
"TATTACCTCACTCCTG-1",2,1,0,1
"TATTACCTCAGTTTGG-1",2,1,0,1
"TATTACCTCCTAGTGA-1",2,1,0,1
"TATTACCTCGGAGCAA-1",2,1,1,0
"TCAACGAAGGTGTTAA-1",2,1,1,0
"TCAACGACACGGCGTT-1",2,1,0,1
"TCAACGAGTAAAGTCA-1",2,1,1,0
"TCAATCTAGAGGGCTT-1",2,1,1,0
"TCAATCTAGCGTAGTG-1",2,1,0,1
"TCAATCTAGTACGTAA-1",2,1,1,0
"TCAATCTAGTTCGCGC-1",2,1,1,0
"TCAATCTCACCCTATC-1",2,1,0,1
"TCAATCTGTAAGTGGC-1",2,1,0,1
"TCAATCTTCACTTCAT-1",2,1,1,0
"TCACAAGAGAGGGCTT-1",2,1,1,0
"TCACAAGCAATCAGAA-1",2,1,1,0
"TCACAAGCACGAAAGC-1",2,1,1,0
"TCACAAGCAGTTAACC-1",2,1,1,0
"TCACAAGCATCATCCC-1",2,1,1,0
"TCACAAGCATTTGCCC-1",2,1,1,0
"TCACAAGTCTCGCTTG-1",2,1,0,1
"TCACGAAAGAAACGAG-1",2,1,1,0
"TCACGAACAAGCGATG-1",2,1,0,1
"TCACGAACATCCCATC-1",2,1,1,0
"TCACGAACATCGATTG-1",2,1,0,1
"TCACGAAGTATGGTTC-1",2,1,1,0
"TCACGAAGTCGGGTCT-1",2,1,0,1
"TCAGATGAGAGAGCTC-1",2,1,0,1
"TCAGATGCAATCCGAT-1",2,1,1,0
"TCAGATGTCTAGAGTC-1",3,1,1,1
"TCAGATGTCTCGATGA-1",2,1,1,0
"TCAGCAAAGCATCATC-1",2,1,1,0
"TCAGCAAAGCTGGAAC-1",2,1,0,1
"TCAGCAAAGGTGATAT-1",2,1,1,0
"TCAGCAACAGCGTTCG-1",2,1,0,1
"TCAGCAACATTACCTT-1",2,1,1,0
"TCAGCAATCGCAAGCC-1",2,1,1,0
"TCAGCAATCTAACTGG-1",2,1,1,0
"TCAGCAATCTCTAAGG-1",2,1,1,0
"TCAGCTCAGATGGGTC-1",2,1,1,0
"TCAGCTCAGGCAGTCA-1",2,1,1,0
"TCAGCTCAGTTCCACA-1",2,1,1,0
"TCAGCTCCAAATACAG-1",2,1,1,0
"TCAGCTCGTAATTGGA-1",2,1,1,0
"TCAGGATAGGACTGGT-1",2,1,0,1
"TCAGGATCAGTGACAG-1",2,1,1,0
"TCAGGATGTCCTCCAT-1",2,1,1,0
"TCAGGATTCATCTGTT-1",2,1,1,0
"TCAGGATTCGGCTACG-1",2,1,0,1
"TCAGGTAAGCTACCGC-1",2,1,1,0
"TCAGGTACAGATGGCA-1",2,1,0,1
"TCAGGTATCCTCAACC-1",2,1,0,1
"TCATTACAGCACACAG-1",2,1,1,0
"TCATTACTCAAACCAC-1",2,1,1,0
"TCATTACTCTGATACG-1",2,1,1,0
"TCATTTGAGAAGGCCT-1",2,1,0,1
"TCATTTGAGTACGTAA-1",2,1,1,0
"TCATTTGCAGCTGCAC-1",2,1,1,0
"TCATTTGCAGTTTACG-1",3,1,2,0
"TCATTTGTCATACGGT-1",2,1,1,0
"TCCACACAGAGCCCAA-1",2,1,1,0
"TCCACACAGATACACA-1",2,1,1,0
"TCCACACAGCTAGGCA-1",2,1,1,0
"TCCACACAGCTAGTCT-1",2,1,0,1
"TCCACACAGGAGTAGA-1",2,1,0,1
"TCCACACAGGATATAC-1",2,1,1,0
"TCCACACCAAGGGTCA-1",2,1,1,0
"TCCACACCAGCTGTAT-1",2,1,0,1
"TCCACACCAGGAATCG-1",2,1,1,0
"TCCACACCAGGGTATG-1",2,1,1,0
"TCCACACGTAGCGTCC-1",2,1,0,1
"TCCACACTCACAGGCC-1",2,1,1,0
"TCCACACTCACCTCGT-1",2,1,1,0
"TCCACACTCATGTGGT-1",2,1,1,0
"TCCCGATAGTGTGGCA-1",2,1,1,0
"TCCCGATCACTTAAGC-1",2,1,1,0
"TCCCGATGTTCCTCCA-1",2,1,1,0
"TCCCGATTCGTCCGTT-1",2,1,1,0
"TCGAGGCAGACTTTCG-1",2,1,1,0
"TCGAGGCCATGCAATC-1",2,1,1,0
"TCGAGGCGTCCAGTAT-1",2,1,0,1
"TCGAGGCTCTGACCTC-1",2,1,1,0
"TCGCGAGCAATCACAC-1",2,1,1,0
"TCGCGAGGTCCATGAT-1",2,1,1,0
"TCGCGTTCAAGCGCTC-1",2,1,1,0
"TCGCGTTGTCTCTCTG-1",2,1,1,0
"TCGCGTTTCCACGTTC-1",2,1,1,0
"TCGCGTTTCGTAGGTT-1",2,1,1,0
"TCGGGACTCAAAGACA-1",2,1,0,1
"TCGGGACTCCTCAACC-1",2,1,1,0
"TCGGGACTCGAACTGT-1",2,1,1,0
"TCGGGACTCTGGAGCC-1",2,1,1,0
"TCGGTAAAGCTAGTCT-1",2,1,0,1
"TCGGTAACATTGCGGC-1",2,1,1,0
"TCGGTAAGTCTAAAGA-1",2,1,1,0
"TCGGTAATCTCCTATA-1",2,1,0,1
"TCGTACCCACGACTCG-1",2,1,1,0
"TCGTACCGTAGCTTGT-1",2,1,1,0
"TCGTAGAAGCAATCTC-1",2,1,1,0
"TCGTAGAAGCGCCTCA-1",2,1,0,1
"TCGTAGAAGTGGGATC-1",2,1,0,1
"TCGTAGACAGCCTTTC-1",2,1,1,0
"TCGTAGAGTACCTACA-1",2,1,0,1
"TCGTAGATCAATACCG-1",2,1,0,1
"TCGTAGATCACCTTAT-1",2,1,0,1
"TCGTAGATCCTTCAAT-1",2,1,1,0
"TCGTAGATCGGCCGAT-1",2,1,1,0
"TCTATTGCAATACGCT-1",2,1,0,1
"TCTATTGCAGACAAAT-1",2,1,1,0
"TCTATTGGTAACGCGA-1",2,1,0,1
"TCTATTGGTTCCACTC-1",2,1,1,0
"TCTATTGGTTCCTCCA-1",2,1,0,1
"TCTCATAAGCGGATCA-1",3,1,2,0
"TCTCATACAGGGAGAG-1",2,1,1,0
"TCTCATAGTCCAGTTA-1",2,1,0,1
"TCTCATATCCACTGGG-1",2,1,1,0
"TCTCTAAAGAAACCAT-1",2,1,1,0
"TCTCTAAAGACACGAC-1",2,1,1,0
"TCTCTAAGTAGAGTGC-1",3,1,2,0
"TCTCTAAGTGTCTGAT-1",2,1,0,1
"TCTCTAATCAAGATCC-1",2,1,1,0
"TCTCTAATCTGTTGAG-1",2,1,1,0
"TCTGAGAAGGACATTA-1",2,1,1,0
"TCTGAGACAATCTACG-1",2,1,1,0
"TCTGAGACAGATGGGT-1",2,1,0,1
"TCTGAGATCAATCACG-1",2,1,0,1
"TCTGAGATCACAATGC-1",2,1,1,0
"TCTGAGATCACCCGAG-1",2,1,1,0
"TCTGGAAAGATCCCGC-1",2,1,1,0
"TCTGGAAAGCCAGTTT-1",2,1,1,0
"TCTGGAAAGCTAAACA-1",2,1,0,1
"TCTGGAAAGGTGCTAG-1",2,1,1,0
"TCTGGAAAGTACGATA-1",2,1,1,0
"TCTGGAACAATGACCT-1",2,1,1,0
"TCTGGAAGTGACCAAG-1",2,1,0,1
"TCTGGAAGTTAAGGGC-1",2,1,1,0
"TCTGGAATCAACCATG-1",2,1,1,0
"TCTGGAATCGACAGCC-1",2,1,0,1
"TCTGGAATCTGTCCGT-1",2,1,1,0
"TCTTCGGAGACTCGGA-1",2,1,1,0
"TCTTCGGCAATCAGAA-1",2,1,1,0
"TCTTCGGCACCTGGTG-1",2,1,1,0
"TCTTCGGGTCCAGTAT-1",2,1,0,1
"TCTTCGGGTGTTGGGA-1",2,1,1,0
"TCTTCGGTCACAGGCC-1",2,1,1,0
"TCTTCGGTCGTGACAT-1",2,1,1,0
"TCTTCGGTCTCCAACC-1",2,1,0,1
"TCTTTCCAGAGATGAG-1",2,1,0,1
"TCTTTCCGTCTTCTCG-1",2,1,0,1
"TCTTTCCTCCGCATCT-1",2,1,1,0
"TGAAAGAAGACCACGA-1",2,1,0,1
"TGAAAGAAGAGTAATC-1",2,1,0,1
"TGAAAGAAGGATTCGG-1",2,1,1,0
"TGAAAGACAAAGGCGT-1",2,1,1,0
"TGAAAGACAAGGCTCC-1",2,1,0,1
"TGAAAGACATTACGAC-1",2,1,1,0
"TGAAAGAGTTCTGAAC-1",2,1,1,0
"TGACAACAGAGCTATA-1",2,1,1,0
"TGACAACAGGTGACCA-1",2,1,1,0
"TGACAACGTGGTCCGT-1",2,1,0,1
"TGACAACTCGAGAACG-1",2,1,1,0
"TGACGGCAGTCAATAG-1",2,1,1,0
"TGACGGCTCCGTCATC-1",2,1,0,1
"TGACGGCTCCTGCCAT-1",2,1,1,0
"TGACTAGAGGTGCTTT-1",2,1,1,0
"TGACTAGCAAGTCTGT-1",2,1,1,0
"TGACTAGCAATGGATA-1",2,1,1,0
"TGACTAGGTGGAAAGA-1",2,1,0,1
"TGACTTTAGGGAAACA-1",2,1,1,0
"TGACTTTAGTATTGGA-1",2,1,1,0
"TGACTTTCACGAAATA-1",2,1,0,1
"TGACTTTCAGGGTTAG-1",2,1,1,0
"TGACTTTGTCGCATCG-1",2,1,1,0
"TGACTTTTCACGATGT-1",2,1,0,1
"TGACTTTTCGGATGTT-1",2,1,0,1
"TGAGAGGCAGTCAGAG-1",2,1,1,0
"TGAGAGGTCCTTTACA-1",2,1,1,0
"TGAGAGGTCTCAACTT-1",2,1,1,0
"TGAGCATAGATATGCA-1",2,1,1,0
"TGAGCATCACGTCTCT-1",2,1,1,0
"TGAGCATCATTGGCGC-1",2,1,1,0
"TGAGCATGTGACGGTA-1",2,1,0,1
"TGAGCATGTTAAGACA-1",2,1,1,0
"TGAGCATTCCGGCACA-1",2,1,0,1
"TGAGCATTCTCTTATG-1",2,1,0,1
"TGAGCATTCTGGCGAC-1",2,1,1,0
"TGAGCCGAGGCCCGTT-1",2,1,1,0
"TGAGCCGCAATGTAAG-1",2,1,0,1
"TGAGCCGCATTCACTT-1",2,1,1,0
"TGAGCCGGTAAATGAC-1",2,1,0,1
"TGAGCCGTCAAACGGG-1",2,1,0,1
"TGAGGGAAGGTGTGGT-1",2,1,1,0
"TGAGGGAAGTGGCACA-1",2,1,1,0
"TGAGGGACACCCATTC-1",2,1,1,0
"TGAGGGACAGGTCCAC-1",2,1,0,1
"TGAGGGACATGATCCA-1",2,1,1,0
"TGAGGGAGTTCGTCTC-1",2,1,1,0
"TGAGGGATCCGGCACA-1",2,1,1,0
"TGAGGGATCGCCATAA-1",2,1,1,0
"TGAGGGATCTTTAGTC-1",2,1,1,0
"TGATTTCAGCCCAGCT-1",2,1,0,1
"TGATTTCCACTCGACG-1",2,1,1,0
"TGATTTCCAGACACTT-1",2,1,1,0
"TGATTTCGTGCCTGTG-1",2,1,1,0
"TGATTTCTCGCTTGTC-1",3,1,2,0
"TGATTTCTCTCGGACG-1",2,1,1,0
"TGCACCTAGATAGGAG-1",2,1,0,1
"TGCACCTAGGCAATTA-1",2,1,0,1
"TGCACCTCATTCACTT-1",2,1,0,1
"TGCACCTGTCTGCCAG-1",2,1,0,1
"TGCACCTTCCCTGACT-1",2,1,1,0
"TGCCAAACACCTCGTT-1",2,1,1,0
"TGCCAAACATCCCATC-1",2,1,1,0
"TGCCAAAGTACAAGTA-1",2,1,0,1
"TGCCAAAGTGTGAATA-1",2,1,1,0
"TGCCAAATCAGAGGTG-1",2,1,1,0
"TGCCAAATCCATGAGT-1",3,1,1,1
"TGCCCATAGAAACGAG-1",2,1,1,0
"TGCCCATAGATCGATA-1",2,1,0,1
"TGCCCATAGCACAGGT-1",2,1,0,1
"TGCCCATAGGCGACAT-1",2,1,0,1
"TGCCCTAAGACAGAGA-1",2,1,1,0
"TGCCCTAAGCCGGTAA-1",2,1,0,1
"TGCCCTAGTCATTAGC-1",2,1,1,0
"TGCCCTAGTGCAACTT-1",2,1,0,1
"TGCCCTATCGATAGAA-1",2,1,0,1
"TGCGCAGAGACGACGT-1",2,1,1,0
"TGCGCAGCATCTCGCT-1",2,1,1,0
"TGCGCAGGTAGAGCTG-1",2,1,0,1
"TGCGGGTAGCGTTGCC-1",2,1,0,1
"TGCGGGTAGTCATGCT-1",2,1,1,0
"TGCGGGTCAGGTGCCT-1",2,1,1,0
"TGCGGGTGTAACGTTC-1",2,1,0,1
"TGCGGGTGTATAGGGC-1",2,1,1,0
"TGCGGGTGTCATATCG-1",2,1,1,0
"TGCGGGTGTGTCTGAT-1",2,1,0,1
"TGCGGGTTCTTGCATT-1",2,1,0,1
"TGCGTGGAGTACCGGA-1",2,1,0,1
"TGCGTGGCAAGCCATT-1",2,1,1,0
"TGCGTGGCAATTCCTT-1",2,1,0,1
"TGCGTGGGTAAGGGCT-1",2,1,0,1
"TGCGTGGGTACCCAAT-1",2,1,1,0
"TGCGTGGGTCAATGTC-1",2,1,1,0
"TGCGTGGTCATGGTCA-1",2,1,1,0
"TGCGTGGTCGAATGGG-1",2,1,1,0
"TGCTACCAGATATGCA-1",2,1,1,0
"TGCTACCAGCGTAGTG-1",2,1,1,0
"TGCTACCTCATTGCGA-1",2,1,1,0
"TGCTACCTCGAACTGT-1",3,1,2,0
"TGCTGCTAGAAACGCC-1",2,1,0,1
"TGCTGCTAGAGACTAT-1",2,1,1,0
"TGCTGCTAGGCAAAGA-1",2,1,1,0
"TGCTGCTCAATCAGAA-1",2,1,1,0
"TGCTGCTGTAAGTAGT-1",2,1,0,1
"TGCTGCTTCAGTTGAC-1",2,1,1,0
"TGGACGCAGATGTAAC-1",2,1,1,0
"TGGACGCAGTCGCCGT-1",2,1,1,0
"TGGACGCCAGCATGAG-1",2,1,1,0
"TGGACGCGTACCAGTT-1",2,1,0,1
"TGGACGCTCTGCGACG-1",2,1,0,1
"TGGCCAGAGTTTAGGA-1",2,1,1,0
"TGGCCAGCACCCAGTG-1",2,1,0,1
"TGGCCAGCATTAGCCA-1",2,1,1,0
"TGGCCAGGTCGACTAT-1",2,1,1,0
"TGGCCAGTCGGTCCGA-1",2,1,0,1
"TGGCGCAAGGTGCTAG-1",2,1,1,0
"TGGCGCACAATGAATG-1",2,1,1,0
"TGGCGCACACCATCCT-1",2,1,0,1
"TGGCGCACACGTGAGA-1",2,1,0,1
"TGGCGCACATAAAGGT-1",2,1,1,0
"TGGCGCACATTTGCTT-1",2,1,1,0
"TGGCGCAGTATAGGGC-1",2,1,1,0
"TGGCGCATCCAGATCA-1",2,1,1,0
"TGGCTGGCAGGCAGTA-1",2,1,0,1
"TGGCTGGTCAAACCAC-1",2,1,0,1
"TGGCTGGTCCTCAATT-1",2,1,1,0
"TGGGAAGAGTACTTGC-1",2,1,1,0
"TGGGAAGCACATGGGA-1",2,1,1,0
"TGGGAAGCATTACCTT-1",2,1,1,0
"TGGGAAGGTCAGGACA-1",2,1,1,0
"TGGGAAGGTGCCTTGG-1",2,1,1,0
"TGGGAAGGTGGTGTAG-1",2,1,1,0
"TGGGAAGTCCAAACAC-1",2,1,1,0
"TGGGAAGTCCTAGTGA-1",2,1,1,0
"TGGGAAGTCGCACTCT-1",2,1,0,1
"TGGGCGTAGAGTACAT-1",2,1,1,0
"TGGGCGTAGATGGCGT-1",2,1,0,1
"TGGGCGTAGGGATACC-1",2,1,0,1
"TGGGCGTGTATTAGCC-1",2,1,0,1
"TGGGCGTTCCTTTCGG-1",2,1,1,0
"TGGGCGTTCGCGTTTC-1",2,1,1,0
"TGGGCGTTCGGCTACG-1",2,1,1,0
"TGGTTAGAGAGACTAT-1",2,1,1,0
"TGGTTAGAGTGGGATC-1",2,1,1,0
"TGGTTAGGTAAAGGAG-1",2,1,1,0
"TGGTTAGGTCACTGGC-1",2,1,1,0
"TGGTTAGGTTAAGGGC-1",2,1,1,0
"TGGTTAGGTTACGCGC-1",2,1,1,0
"TGGTTAGTCACATAGC-1",2,1,1,0
"TGGTTAGTCCGCGCAA-1",2,1,1,0
"TGGTTAGTCTCAAACG-1",2,1,0,1
"TGGTTAGTCTGTCTAT-1",2,1,1,0
"TGGTTCCAGCCAGGAT-1",2,1,1,0
"TGGTTCCAGTGTTGAA-1",3,1,2,0
"TGGTTCCCACCTATCC-1",2,1,1,0
"TGGTTCCCATACTCTT-1",2,1,1,0
"TGGTTCCCATTCCTGC-1",2,1,1,0
"TGGTTCCGTAATTGGA-1",2,1,1,0
"TGGTTCCGTAGAAGGA-1",2,1,0,1
"TGGTTCCGTCATGCAT-1",2,1,1,0
"TGGTTCCTCAGCATGT-1",2,1,1,0
"TGGTTCCTCGCCTGTT-1",2,1,1,0
"TGGTTCCTCTCACATT-1",2,1,1,0
"TGTATTCAGACCGGAT-1",2,1,0,1
"TGTATTCAGAGAACAG-1",2,1,0,1
"TGTATTCGTATATGAG-1",2,1,1,0
"TGTATTCGTCACCTAA-1",2,1,0,1
"TGTATTCGTCTAAAGA-1",3,1,1,1
"TGTATTCTCTCGCATC-1",2,1,0,1
"TGTCCCACATCGGAAG-1",2,1,0,1
"TGTCCCAGTAAATGTG-1",2,1,1,0
"TGTCCCATCCGAACGC-1",2,1,1,0
"TGTGGTAAGAGGGCTT-1",2,1,0,1
"TGTGGTAAGGTTACCT-1",2,1,1,0
"TGTGGTAAGTAGTGCG-1",2,1,0,1
"TGTGGTACAATAGCGG-1",2,1,0,1
"TGTGGTACAGAAGCAC-1",2,1,1,0
"TGTGGTACAGCCTGTG-1",2,1,1,0
"TGTGGTACATTACGAC-1",2,1,0,1
"TGTGGTAGTGCACTTA-1",2,1,0,1
"TGTGGTATCACCATAG-1",2,1,0,1
"TGTGTTTAGCCCGAAA-1",2,1,1,0
"TGTGTTTCAACACGCC-1",2,1,0,1
"TGTGTTTCAGAAGCAC-1",2,1,1,0
"TGTGTTTTCACGCGGT-1",2,1,1,0
"TGTGTTTTCAGGTTCA-1",2,1,1,0
"TGTGTTTTCTCTAAGG-1",2,1,0,1
"TGTTCCGAGAATAGGG-1",2,1,0,1
"TGTTCCGAGCAATATG-1",2,1,1,0
"TGTTCCGCACAAGTAA-1",2,1,0,1
"TGTTCCGCATATGGTC-1",2,1,1,0
"TTAACTCAGATGCCTT-1",2,1,1,0
"TTAACTCAGCCTTGAT-1",2,1,0,1
"TTAACTCAGGTGCACA-1",2,1,1,0
"TTAACTCGTGGTAACG-1",2,1,1,0
"TTAACTCTCAGTTGAC-1",2,1,1,0
"TTAACTCTCCTAAGTG-1",2,1,0,1
"TTAGGACAGACAATAC-1",2,1,0,1
"TTAGGACAGAGACGAA-1",2,1,1,0
"TTAGGACAGGTGGGTT-1",2,1,0,1
"TTAGGACAGTGTCCCG-1",2,1,1,0
"TTAGGACCAAGCCCAC-1",2,1,1,0
"TTAGGACGTCTAACGT-1",2,1,1,0
"TTAGGACGTTCACGGC-1",2,1,0,1
"TTAGGACTCTCCAGGG-1",2,1,1,0
"TTAGGCAAGACCCACC-1",2,1,0,1
"TTAGGCAAGATATGCA-1",2,1,1,0
"TTAGGCACAAGCCGCT-1",2,1,1,0
"TTAGGCACACATGGGA-1",2,1,1,0
"TTAGGCACATGATCCA-1",2,1,0,1
"TTAGGCAGTGACGCCT-1",2,1,0,1
"TTAGGCAGTGAGGGTT-1",2,1,1,0
"TTAGGCAGTTGCGCAC-1",2,1,1,0
"TTAGGCATCGGCGCAT-1",2,1,1,0
"TTAGGCATCGTCTGCT-1",2,1,0,1
"TTAGGCATCTACTTAC-1",2,1,1,0
"TTAGTTCCATGCCCGA-1",2,1,1,0
"TTAGTTCCATGCGCAC-1",2,1,1,0
"TTAGTTCGTAGCGCAA-1",2,1,1,0
"TTAGTTCGTGCTCTTC-1",2,1,1,0
"TTAGTTCTCCACGTTC-1",3,1,1,1
"TTAGTTCTCGGATGTT-1",2,1,1,0
"TTAGTTCTCTTGCCGT-1",2,1,0,1
"TTATGCTAGACAAAGG-1",3,1,2,0
"TTATGCTCACAACGCC-1",2,1,0,1
"TTATGCTGTGATGATA-1",2,1,0,1
"TTATGCTGTGTAACGG-1",2,1,1,0
"TTATGCTGTTACGCGC-1",2,1,0,1
"TTATGCTTCAACCAAC-1",2,1,0,1
"TTATGCTTCTAACTCT-1",2,1,1,0
"TTATGCTTCTCTGTCG-1",2,1,1,0
"TTATGCTTCTTCATGT-1",2,1,0,1
"TTCCCAGCACGAAGCA-1",2,1,0,1
"TTCCCAGGTCGCTTCT-1",2,1,1,0
"TTCCCAGTCAAACCGT-1",2,1,0,1
"TTCCCAGTCAAGCCTA-1",2,1,0,1
"TTCCCAGTCGGCCGAT-1",2,1,1,0
"TTCGAAGAGAAAGTGG-1",2,1,1,0
"TTCGAAGAGGCTAGAC-1",2,1,1,0
"TTCGAAGAGGTACTCT-1",2,1,1,0
"TTCGAAGAGGTGTGGT-1",2,1,1,0
"TTCGAAGAGTGGTAGC-1",2,1,1,0
"TTCGAAGCATCGGGTC-1",2,1,1,0
"TTCGAAGCATGTTGAC-1",2,1,1,0
"TTCGAAGTCCTTTACA-1",2,1,1,0
"TTCGAAGTCGTCACGG-1",2,1,1,0
"TTCGGTCCATGTCCTC-1",2,1,0,1
"TTCGGTCGTTCAGTAC-1",2,1,0,1
"TTCGGTCGTTTCCACC-1",2,1,0,1
"TTCTACAAGTACACCT-1",2,1,0,1
"TTCTACACATCCAACA-1",2,1,1,0
"TTCTACACATGGTTGT-1",2,1,0,1
"TTCTACAGTCGACTAT-1",2,1,0,1
"TTCTACAGTCTGGTCG-1",2,1,0,1
"TTCTACAGTGAAATCA-1",2,1,0,1
"TTCTCAAAGCTGTTCA-1",2,1,1,0
"TTCTCAAAGTAACCCT-1",2,1,1,0
"TTCTCAACATGCTAGT-1",2,1,0,1
"TTCTCAAGTAAGAGAG-1",2,1,0,1
"TTCTCAAGTCATTAGC-1",2,1,0,1
"TTCTCAAGTTGTCGCG-1",2,1,1,0
"TTCTCAATCAATCACG-1",2,1,1,0
"TTCTCAATCGCGTTTC-1",2,1,1,0
"TTCTCCTCAAGCTGGA-1",2,1,1,0
"TTCTCCTCACACCGAC-1",2,1,1,0
"TTCTCCTCACCAGATT-1",2,1,1,0
"TTCTCCTGTAAGGGAA-1",2,1,1,0
"TTCTCCTGTATAGGTA-1",2,1,1,0
"TTCTTAGCACGGATAG-1",3,1,0,2
"TTCTTAGCATAAAGGT-1",2,1,1,0
"TTCTTAGCATTAGGCT-1",2,1,0,1
"TTCTTAGGTCGTCTTC-1",3,1,1,1
"TTCTTAGGTGAACCTT-1",2,1,1,0
"TTCTTAGTCTGCAAGT-1",2,1,0,1
"TTGAACGAGTCGTACT-1",2,1,1,0
"TTGAACGCACCGTTGG-1",2,1,1,0
"TTGAACGGTCCGACGT-1",2,1,0,1
"TTGAACGTCCGGCACA-1",2,1,1,0
"TTGACTTCAAGACACG-1",2,1,1,0
"TTGACTTCAATGGATA-1",2,1,0,1
"TTGACTTCACGTCAGC-1",2,1,0,1
"TTGACTTGTCTTCTCG-1",2,1,1,0
"TTGACTTGTTGATTCG-1",2,1,1,0
"TTGACTTTCAGAAATG-1",2,1,0,1
"TTGACTTTCTGCGGCA-1",2,1,0,1
"TTGACTTTCTTGTTTG-1",2,1,0,1
"TTGCCGTCAAGACGTG-1",2,1,0,1
"TTGCCGTGTTAGGGTG-1",2,1,1,0
"TTGCCGTGTTGGAGGT-1",2,1,0,1
"TTGCGTCAGGTTCCTA-1",2,1,1,0
"TTGCGTCCAAATCCGT-1",2,1,1,0
"TTGCGTCTCTCGCTTG-1",2,1,1,0
"TTGGAACAGATATACG-1",2,1,1,0
"TTGGAACAGATGGGTC-1",2,1,0,1
"TTGGAACGTAAAGTCA-1",2,1,0,1
"TTGGAACGTCAATACC-1",2,1,1,0
"TTGGAACGTGTATGGG-1",2,1,1,0
"TTGGAACTCTTTACAC-1",2,1,1,0
"TTGGCAAGTCCGAACC-1",2,1,1,0
"TTGGCAAGTTAAGTAG-1",2,1,1,0
"TTGGCAAGTTCCAACA-1",2,1,1,0
"TTGGCAATCAGTGCAT-1",2,1,1,0
"TTGGCAATCATCGATG-1",2,1,0,1
"TTGGCAATCCGTCATC-1",2,1,1,0
"TTGGCAATCTGTACGA-1",2,1,1,0
"TTGTAGGAGGATGGAA-1",2,1,1,0
"TTGTAGGGTAAACACA-1",2,1,1,0
"TTGTAGGGTCAGGACA-1",2,1,1,0
"TTTACTGAGACAAAGG-1",2,1,1,0
"TTTACTGAGGTGATAT-1",2,1,0,1
"TTTACTGCAGACAAGC-1",2,1,0,1
"TTTACTGGTAGCTGCC-1",2,1,1,0
"TTTACTGTCAAACGGG-1",2,1,0,1
"TTTACTGTCAGCTCTC-1",2,1,1,0
"TTTATGCCATATGCTG-1",2,1,0,1
"TTTATGCGTTCGCGAC-1",2,1,1,0
"TTTATGCTCGGTCCGA-1",2,1,0,1
"TTTCCTCAGTTATCGC-1",2,1,0,1
"TTTCCTCCAACGATGG-1",2,1,1,0
"TTTCCTCCATCGATTG-1",2,1,0,1
"TTTCCTCGTGAGCGAT-1",2,1,0,1
"TTTCCTCGTGGACGAT-1",2,1,0,1
"TTTCCTCTCTCGAGTA-1",2,1,1,0
"TTTGCGCAGTGCCAGA-1",2,1,1,0
"TTTGCGCCAAAGAATC-1",2,1,0,1
"TTTGCGCCACATCCAA-1",2,1,1,0
"TTTGCGCCATTCACTT-1",2,1,0,1
"TTTGCGCGTCTCCATC-1",2,1,0,1
"TTTGGTTAGGTGTTAA-1",2,1,1,0
"TTTGGTTAGTACGTAA-1",2,1,1,0
"TTTGGTTCAGGTTTCA-1",2,1,0,1
"TTTGGTTGTGAAGGCT-1",2,1,1,0
"TTTGGTTTCACAGGCC-1",3,1,1,1
"TTTGTCAAGATGGGTC-1",2,1,0,1
"TTTGTCAAGCAGGTCA-1",2,1,1,0
"TTTGTCACAATCTACG-1",2,1,1,0
"TTTGTCACATTAACCG-1",2,1,0,1
"TTTGTCAGTATAAACG-1",2,1,1,0
"TTTGTCATCGAACGGA-1",2,1,1,0
"TTTGTCATCGTTGACA-1",2,1,1,0
"TTTGTCATCTATCGCC-1",2,1,0,1
