"clone_subgroup_id","size","n_cluster","clusters"
"810_1",160,1,"Transitional"
"1844_1",31,4,"ASC 2; Cell-Cycling; IgD-ve Memory; IgD+ve Memory"
"1222_1",21,4,"DN2; HSP+; IgD+ve Memory; NAIVE 2"
"1386_1",17,3,"ASC 2; ASC 3; IgD+ve Memory"
"898_1",16,3,"ASC 1; ASC 2; NAIVE 1"
"558_1",15,2,"IgD+ve Memory; NAIVE 1"
"1446_1",14,3,"IgD-ve Memory; IgD+ve Memory; NAIVE 2"
"502_1",13,4,"ASC 1; ASC 3; Cell-Cycling; IgD+ve Memory"
"514_1",13,3,"HSP+; IgD-ve Memory; IgD+ve Memory"
"1042_1",11,3,"ASC 2; IgD+ve Memory; NAIVE 2"
"561_1",11,2,"ASC 1; ASC 2"
"1061_1",10,1,"ASC 2"
"581_1",10,4,"ASC 2; IgD+ve Memory; NAIVE 1; Transitional"
"620_1",10,2,"ASC 2; IgD-ve Memory"
"1081_1",9,3,"ASC 1; ASC 2; NAIVE 1"
"118_1",9,1,"ASC 2"
"1557_1",9,3,"ASC 1; ASC 2; NAIVE 1"
"270_1",9,1,"ASC 2"
"501_1",9,3,"ASC 1; ASC 2; NAIVE 1"
"97_1",9,1,"ASC 2"
"1659_1",8,3,"ASC 1; ASC 2; ASC 3"
"404_1",8,3,"ASC 2; IgD-ve Memory; IgD+ve Memory"
"702_1",8,2,"IgD-ve Memory; IgD+ve Memory"
"777_1",8,2,"ASC 2; Cell-Cycling"
"1536_1",7,1,"ASC 2"
"365_1",7,1,"ASC 2"
"481_1",7,2,"DN2; IgD+ve Memory"
"874_1",7,3,"IgD-ve Memory; IgD+ve Memory; NAIVE 1"
"985_1",7,1,"ASC 2"
"1029_1",6,3,"ASC 1; IgD-ve Memory; IgD+ve Memory"
"1422_1",6,1,"IgD+ve Memory"
"1500_1",6,2,"ASC 3; IgD+ve Memory"
"1540_1",6,3,"ASC 2; HSP+; NAIVE 1"
"1707_1",6,1,"ASC 2"
"1759_1",6,1,"IgD+ve Memory"
"210_1",6,2,"ASC 2; Cell-Cycling"
"255_1",6,2,"ASC 1; ASC 2"
"343_1",6,3,"ASC 1; ASC 2; NAIVE 1"
"526_1",6,2,"ASC 1; ASC 2"
"133_1",5,1,"ASC 2"
"1426_1",5,1,"ASC 2"
"1667_1",5,2,"ASC 2; Cell-Cycling"
"1684_1",5,2,"ASC 1; ASC 2"
"177_1",5,2,"ASC 2; IgD+ve Memory"
"1796_1",5,1,"ASC 2"
"17_1",5,2,"ASC 2; IgD+ve Memory"
"1816_1",5,3,"ASC 2; IgD-ve Memory; IgD+ve Memory"
"570_1",5,2,"ASC 2; IgD+ve Memory"
"616_1",5,1,"ASC 2"
"980_1",5,1,"ASC 2"
"1000_1",4,1,"IgD+ve Memory"
"1018_1",4,3,"IgD-ve Memory; IgD+ve Memory; NAIVE 1"
"1118_1",4,1,"ASC 1"
"1252_1",4,3,"IgD-ve Memory; IgD+ve Memory; NAIVE 1"
"1254_1",4,1,"ASC 2"
"1360_1",4,2,"ASC 2; IgD-ve Memory"
"1420_1",4,1,"ASC 2"
"1430_1",4,2,"IgD-ve Memory; IgD+ve Memory"
"1490_1",4,1,"ASC 2"
"1586_1",4,2,"ASC 2; NAIVE 1"
"1592_1",4,1,"ASC 2"
"1646_1",4,1,"ASC 2"
"1735_1",4,1,"ASC 2"
"1790_1",4,2,"ASC 2; IgD+ve Memory"
"1800_1",4,3,"IgD-ve Memory; IgD+ve Memory; NAIVE 1"
"1858_1",4,1,"IgD+ve Memory"
"315_1",4,4,"ASC 2; Early-Activation; HSP+; IgD-ve Memory"
"317_1",4,2,"ASC 2; NAIVE 2"
"32_1",4,2,"IgD-ve Memory; IgD+ve Memory"
"471_1",4,2,"ASC 1; ASC 2"
"607_1",4,2,"ASC 2; NAIVE 1"
"648_1",4,1,"ASC 2"
"714_1",4,1,"ASC 2"
"735_1",4,1,"IgD+ve Memory"
"852_1",4,1,"ASC 2"
"879_1",4,1,"ASC 2"
"951_1",4,2,"ASC 1; ASC 2"
"1082_1",3,2,"ASC 1; ASC 2"
"1095_1",3,2,"ASC 1; ASC 2"
"1113_1",3,1,"ASC 2"
"111_1",3,1,"ASC 2"
"1165_1",3,1,"ASC 2"
"1252_2",3,3,"ASC 2; IgD+ve Memory; NAIVE 1"
"1286_1",3,1,"ASC 2"
"1319_1",3,2,"ASC 2; ASC 3"
"1327_1",3,1,"ASC 2"
"1346_1",3,2,"ASC 2; ASC 3"
"1354_1",3,2,"ASC 1; ASC 3"
"1405_1",3,1,"ASC 2"
"1473_1",3,1,"ASC 2"
"1494_1",3,1,"ASC 2"
"1496_1",3,1,"ASC 2"
"1498_1",3,1,"ASC 2"
"1518_1",3,3,"ASC 1; DN2; NAIVE 1"
"1555_1",3,1,"ASC 3"
"1603_1",3,1,"ASC 2"
"1622_1",3,2,"IgD-ve Memory; IgD+ve Memory"
"1657_1",3,2,"ASC 2; IgD+ve Memory"
"1708_1",3,1,"ASC 2"
"1732_1",3,1,"ASC 2"
"1739_1",3,1,"ASC 2"
"1756_1",3,3,"ASC 2; IgD-ve Memory; IgD+ve Memory"
"1773_1",3,1,"ASC 2"
"1779_1",3,1,"Cell-Cycling"
"1786_1",3,1,"ASC 2"
"1803_1",3,1,"ASC 2"
"1806_1",3,1,"ASC 2"
"1863_1",3,1,"ASC 2"
"1892_1",3,1,"ASC 2"
"207_1",3,1,"ASC 2"
"258_1",3,2,"ASC 2; ASC 3"
"275_1",3,1,"ASC 2"
"318_1",3,1,"ASC 2"
"323_1",3,3,"Cell-Cycling; Early-Activation; NAIVE 1"
"370_1",3,3,"HSP+; IgD-ve Memory; IgD+ve Memory"
"394_1",3,1,"ASC 2"
"438_1",3,2,"ASC 2; IgD-ve Memory"
"487_1",3,1,"ASC 2"
"516_1",3,1,"IgD+ve Memory"
"51_1",3,2,"ASC 1; ASC 2"
"520_1",3,2,"ASC 2; NAIVE 1"
"53_1",3,1,"ASC 2"
"555_1",3,1,"ASC 2"
"643_1",3,2,"IgD-ve Memory; IgD+ve Memory"
"653_1",3,1,"IgD+ve Memory"
"690_1",3,1,"ASC 2"
"729_1",3,1,"IgD-ve Memory"
"736_1",3,1,"IgD+ve Memory"
"751_1",3,1,"IgD+ve Memory"
"75_1",3,2,"ASC 2; NAIVE 1"
"791_1",3,1,"ASC 3"
"815_1",3,1,"ASC 2"
"820_1",3,1,"ASC 2"
"861_1",3,1,"ASC 2"
"884_1",3,1,"ASC 2"
"894_1",3,2,"ASC 2; Cell-Cycling"
"943_1",3,1,"ASC 2"
"96_1",3,1,"IgD+ve Memory"
"989_1",3,1,"ASC 2"
"1014_1",2,1,"IgD+ve Memory"
"102_1",2,2,"ASC 2; NAIVE 1"
"105_1",2,1,"ASC 2"
"1068_1",2,1,"ASC 2"
"109_1",2,2,"ASC 1; Cell-Cycling"
"1129_1",2,1,"IgD+ve Memory"
"1161_1",2,2,"ASC 2; NAIVE 1"
"1163_1",2,1,"IgD-ve Memory"
"116_1",2,2,"ASC 1; IgD+ve Memory"
"1170_1",2,1,"ASC 2"
"1175_1",2,1,"ASC 2"
"117_1",2,1,"IgD+ve Memory"
"1190_1",2,1,"ASC 2"
"1205_1",2,2,"ASC 2; IgD+ve Memory"
"1213_1",2,1,"ASC 2"
"1229_1",2,1,"ASC 3"
"1238_1",2,1,"ASC 2"
"1240_1",2,1,"ASC 2"
"1244_1",2,2,"ASC 2; Cell-Cycling"
"1246_1",2,1,"ASC 2"
"1247_1",2,1,"ASC 2"
"1262_1",2,2,"IgD-ve Memory; NAIVE 1"
"1271_1",2,2,"IgD-ve Memory; IgD+ve Memory"
"1282_1",2,1,"ASC 2"
"1283_1",2,1,"ASC 2"
"1284_1",2,1,"ASC 2"
"1287_1",2,1,"IgD+ve Memory"
"1291_1",2,2,"HSP+; IgD-ve Memory"
"1292_1",2,1,"ASC 2"
"1295_1",2,1,"ASC 1"
"1297_1",2,1,"ASC 2"
"12_1",2,2,"IgD-ve Memory; IgD+ve Memory"
"1305_1",2,2,"Cell-Cycling; NAIVE 1"
"1316_1",2,1,"ASC 3"
"1326_1",2,1,"ASC 3"
"1335_1",2,1,"IgD+ve Memory"
"1336_1",2,1,"ASC 2"
"1362_1",2,1,"ASC 2"
"1402_1",2,2,"ASC 2; NAIVE 1"
"140_1",2,2,"ASC 1; ASC 2"
"1428_1",2,1,"ASC 2"
"1479_1",2,1,"IgD-ve Memory"
"1487_1",2,1,"ASC 2"
"1508_1",2,1,"ASC 2"
"1517_1",2,1,"ASC 2"
"1537_1",2,1,"ASC 2"
"1538_1",2,1,"ASC 2"
"1556_1",2,2,"IgD-ve Memory; IgD+ve Memory"
"155_1",2,2,"HSP+; IgD+ve Memory"
"1560_1",2,1,"NAIVE 1"
"157_1",2,1,"IgD-ve Memory"
"1587_1",2,1,"ASC 2"
"1598_1",2,1,"ASC 2"
"1608_1",2,2,"ASC 1; ASC 2"
"160_1",2,2,"IgD-ve Memory; IgD+ve Memory"
"1619_1",2,1,"IgD-ve Memory"
"1679_1",2,1,"IgD+ve Memory"
"1685_1",2,1,"ASC 2"
"1689_1",2,2,"Early-Activation; IgD+ve Memory"
"1703_1",2,2,"IgD-ve Memory; IgD+ve Memory"
"1744_1",2,1,"ASC 3"
"1749_1",2,2,"ASC 2; NAIVE 1"
"175_1",2,1,"ASC 2"
"1763_1",2,1,"ASC 2"
"1764_1",2,1,"ASC 2"
"1780_1",2,2,"ASC 2; Cell-Cycling"
"1782_1",2,1,"Cell-Cycling"
"1799_1",2,2,"ASC 2; Cell-Cycling"
"1826_1",2,1,"NAIVE 2"
"1833_1",2,1,"IgD+ve Memory"
"1845_1",2,2,"ASC 1; NAIVE 1"
"1857_1",2,1,"ASC 2"
"1859_1",2,2,"ASC 1; ASC 2"
"1894_1",2,2,"ASC 2; NAIVE 2"
"1898_1",2,2,"ASC 1; ASC 2"
"192_1",2,1,"ASC 2"
"229_1",2,1,"ASC 2"
"235_1",2,1,"Cell-Cycling"
"254_1",2,1,"ASC 2"
"25_1",2,2,"ASC 3; DN2"
"262_1",2,1,"ASC 2"
"267_1",2,1,"ASC 2"
"279_1",2,1,"ASC 2"
"297_1",2,1,"IgD+ve Memory"
"31_1",2,2,"ASC 2; IgD-ve Memory"
"324_1",2,1,"ASC 3"
"333_1",2,1,"ASC 2"
"337_1",2,1,"ASC 2"
"356_1",2,1,"ASC 2"
"367_1",2,1,"ASC 2"
"368_1",2,1,"IgD-ve Memory"
"372_1",2,1,"ASC 2"
"381_1",2,1,"ASC 2"
"385_1",2,2,"ASC 1; ASC 2"
"388_1",2,2,"ASC 1; ASC 2"
"399_1",2,2,"IgD-ve Memory; IgD+ve Memory"
"413_1",2,2,"ASC 3; Cell-Cycling"
"425_1",2,1,"ASC 2"
"444_1",2,2,"IgD-ve Memory; IgD+ve Memory"
"469_1",2,1,"ASC 3"
"46_1",2,2,"ASC 2; NAIVE 1"
"496_1",2,1,"ASC 2"
"512_1",2,2,"ASC 2; NAIVE 2"
"531_1",2,1,"ASC 2"
"540_1",2,2,"ASC 1; ASC 2"
"545_1",2,2,"ASC 2; HSP+"
"565_1",2,1,"ASC 2"
"572_1",2,2,"ASC 2; Cell-Cycling"
"583_1",2,1,"ASC 2"
"594_1",2,1,"ASC 2"
"597_1",2,2,"Early-Activation; IgD+ve Memory"
"598_1",2,1,"ASC 2"
"617_1",2,1,"IgD+ve Memory"
"619_1",2,1,"ASC 2"
"62_1",2,1,"ASC 2"
"692_1",2,1,"ASC 2"
"693_1",2,1,"ASC 2"
"703_1",2,1,"Cell-Cycling"
"70_1",2,2,"ASC 2; Early-Activation"
"722_1",2,1,"IgD+ve Memory"
"730_1",2,1,"NAIVE 2"
"741_1",2,2,"IgD-ve Memory; IgD+ve Memory"
"742_1",2,2,"IgD-ve Memory; IgD+ve Memory"
"743_1",2,1,"IgD+ve Memory"
"772_1",2,1,"ASC 2"
"807_1",2,1,"ASC 2"
"80_1",2,1,"NAIVE 1"
"816_1",2,1,"ASC 1"
"848_1",2,2,"IgD-ve Memory; IgD+ve Memory"
"851_1",2,1,"IgD-ve Memory"
"854_1",2,1,"ASC 2"
"862_1",2,1,"ASC 2"
"866_1",2,2,"ASC 1; ASC 2"
"881_1",2,1,"Cell-Cycling"
"889_1",2,1,"IgD+ve Memory"
"896_1",2,1,"ASC 2"
"911_1",2,2,"ASC 2; NAIVE 1"
"921_1",2,1,"ASC 2"
"92_1",2,1,"ASC 2"
"939_1",2,1,"ASC 2"
"944_1",2,1,"ASC 2"
"95_1",2,2,"IgD-ve Memory; IgD+ve Memory"
"976_1",2,2,"IgD-ve Memory; IgD+ve Memory"
"1001_1",1,1,"IgD+ve Memory"
"1002_1",1,1,"IgD+ve Memory"
"1003_1",1,1,"IgD+ve Memory"
"1004_1",1,1,"Cell-Cycling"
"1005_1",1,1,"IgD+ve Memory"
"1006_1",1,1,"IgD+ve Memory"
"1007_1",1,1,"ASC 2"
"1008_1",1,1,"Cell-Cycling"
"1009_1",1,1,"NAIVE 2"
"100_1",1,1,"ASC 2"
"1010_1",1,1,"Early-Activation"
"1011_1",1,1,"ASC 2"
"1012_1",1,1,"IgD-ve Memory"
"1013_1",1,1,"DN2"
"1014_2",1,1,"IgD+ve Memory"
"1015_1",1,1,"Cell-Cycling"
"1016_1",1,1,"ASC 2"
"1016_2",1,1,"NAIVE 2"
"1017_1",1,1,"IgD+ve Memory"
"1018_2",1,1,"IgD+ve Memory"
"1019_1",1,1,"NAIVE 2"
"101_1",1,1,"IgD-ve Memory"
"1020_1",1,1,"IgD-ve Memory"
"1021_1",1,1,"IgD+ve Memory"
"1022_1",1,1,"NAIVE 1"
"1023_1",1,1,"NAIVE 1"
"1024_1",1,1,"NAIVE 2"
"1025_1",1,1,"DN2"
"1026_1",1,1,"NAIVE 1"
"1027_1",1,1,"IgD+ve Memory"
"1028_1",1,1,"Cell-Cycling"
"1029_2",1,1,"IgD+ve Memory"
"1029_3",1,1,"IgD+ve Memory"
"1029_4",1,1,"IgD+ve Memory"
"1030_1",1,1,"IgD-ve Memory"
"1031_1",1,1,"IgD+ve Memory"
"1032_1",1,1,"IgD+ve Memory"
"1033_1",1,1,"ASC 2"
"1034_1",1,1,"NAIVE 1"
"1035_1",1,1,"NAIVE 1"
"1036_1",1,1,"NAIVE 1"
"1037_1",1,1,"ASC 2"
"1038_1",1,1,"NAIVE 2"
"1039_1",1,1,"IgD+ve Memory"
"103_1",1,1,"Cell-Cycling"
"1040_1",1,1,"NAIVE 1"
"1041_1",1,1,"Cell-Cycling"
"1042_2",1,1,"IgD+ve Memory"
"1042_3",1,1,"IgD-ve Memory"
"1042_4",1,1,"IgD+ve Memory"
"1043_1",1,1,"IgD+ve Memory"
"1044_1",1,1,"IgD-ve Memory"
"1045_1",1,1,"NAIVE 1"
"1046_1",1,1,"IgD+ve Memory"
"1047_1",1,1,"IgD+ve Memory"
"1048_1",1,1,"IgD+ve Memory"
"1049_1",1,1,"IgD+ve Memory"
"104_1",1,1,"IgD-ve Memory"
"1050_1",1,1,"ASC 2"
"1051_1",1,1,"NAIVE 2"
"1052_1",1,1,"NAIVE 2"
"1053_1",1,1,"ASC 2"
"1054_1",1,1,"NAIVE 2"
"1055_1",1,1,"IgD+ve Memory"
"1056_1",1,1,"IgD-ve Memory"
"1057_1",1,1,"NAIVE 2"
"1058_1",1,1,"IgD+ve Memory"
"1059_1",1,1,"IgD-ve Memory"
"1060_1",1,1,"NAIVE 1"
"1060_2",1,1,"IgD+ve Memory"
"1062_1",1,1,"IgD+ve Memory"
"1063_1",1,1,"IgD+ve Memory"
"1064_1",1,1,"NAIVE 1"
"1065_1",1,1,"NAIVE 2"
"1066_1",1,1,"NAIVE 2"
"1067_1",1,1,"ASC 3"
"1069_1",1,1,"ASC 2"
"106_1",1,1,"NAIVE 2"
"1070_1",1,1,"NAIVE 2"
"1071_1",1,1,"NAIVE 1"
"1071_2",1,1,"NAIVE 1"
"1071_3",1,1,"IgD-ve Memory"
"1071_4",1,1,"NAIVE 1"
"1071_5",1,1,"NAIVE 2"
"1072_1",1,1,"NAIVE 1"
"1073_1",1,1,"ASC 2"
"1074_1",1,1,"NAIVE 2"
"1075_1",1,1,"IgD+ve Memory"
"1076_1",1,1,"NAIVE 1"
"1077_1",1,1,"NAIVE 1"
"1078_1",1,1,"ASC 3"
"1079_1",1,1,"IgD+ve Memory"
"107_1",1,1,"DN2"
"1080_1",1,1,"NAIVE 2"
"1081_2",1,1,"Cell-Cycling"
"1083_1",1,1,"IgD+ve Memory"
"1084_1",1,1,"Cell-Cycling"
"1085_1",1,1,"ASC 2"
"1086_1",1,1,"IgD-ve Memory"
"1087_1",1,1,"ASC 2"
"1088_1",1,1,"NAIVE 1"
"1089_1",1,1,"ASC 3"
"108_1",1,1,"IgD-ve Memory"
"1090_1",1,1,"DN2"
"1091_1",1,1,"IgD+ve Memory"
"1092_1",1,1,"IgD+ve Memory"
"1093_1",1,1,"IgD-ve Memory"
"1094_1",1,1,"ASC 2"
"1096_1",1,1,"IgD+ve Memory"
"1097_1",1,1,"IgD+ve Memory"
"1098_1",1,1,"ASC 2"
"1099_1",1,1,"NAIVE 2"
"10_1",1,1,"Cell-Cycling"
"1100_1",1,1,"IgD+ve Memory"
"1101_1",1,1,"IgD+ve Memory"
"1102_1",1,1,"NAIVE 2"
"1103_1",1,1,"NAIVE 2"
"1104_1",1,1,"Cell-Cycling"
"1105_1",1,1,"NAIVE 1"
"1106_1",1,1,"NAIVE 1"
"1107_1",1,1,"IgD-ve Memory"
"1108_1",1,1,"NAIVE 1"
"1108_2",1,1,"Early-Activation"
"1109_1",1,1,"ASC 2"
"110_1",1,1,"ASC 2"
"1110_1",1,1,"HSP+"
"1111_1",1,1,"Cell-Cycling"
"1112_1",1,1,"NAIVE 1"
"1114_1",1,1,"IgD-ve Memory"
"1114_2",1,1,"Early-Activation"
"1115_1",1,1,"NAIVE 1"
"1116_1",1,1,"IgD-ve Memory"
"1117_1",1,1,"ASC 2"
"1119_1",1,1,"IgD-ve Memory"
"1120_1",1,1,"IgD+ve Memory"
"1121_1",1,1,"ASC 2"
"1122_1",1,1,"ASC 2"
"1123_1",1,1,"NAIVE 1"
"1124_1",1,1,"IgD+ve Memory"
"1125_1",1,1,"ASC 2"
"1126_1",1,1,"NAIVE 1"
"1126_2",1,1,"ASC 2"
"1127_1",1,1,"ASC 2"
"1128_1",1,1,"NAIVE 1"
"1129_2",1,1,"NAIVE 1"
"112_1",1,1,"ASC 2"
"1130_1",1,1,"NAIVE 1"
"1131_1",1,1,"ASC 2"
"1132_1",1,1,"ASC 2"
"1133_1",1,1,"IgD-ve Memory"
"1134_1",1,1,"ASC 3"
"1135_1",1,1,"IgD+ve Memory"
"1136_1",1,1,"IgD-ve Memory"
"1137_1",1,1,"IgD-ve Memory"
"1138_1",1,1,"Early-Activation"
"1139_1",1,1,"IgD+ve Memory"
"113_1",1,1,"IgD+ve Memory"
"1140_1",1,1,"IgD-ve Memory"
"1141_1",1,1,"NAIVE 1"
"1142_1",1,1,"IgD-ve Memory"
"1143_1",1,1,"ASC 3"
"1144_1",1,1,"IgD-ve Memory"
"1145_1",1,1,"ASC 3"
"1146_1",1,1,"NAIVE 1"
"1147_1",1,1,"NAIVE 1"
"1148_1",1,1,"Cell-Cycling"
"1149_1",1,1,"NAIVE 1"
"114_1",1,1,"Cell-Cycling"
"1150_1",1,1,"NAIVE 1"
"1151_1",1,1,"ASC 2"
"1152_1",1,1,"IgD-ve Memory"
"1153_1",1,1,"ASC 2"
"1154_1",1,1,"IgD-ve Memory"
"1155_1",1,1,"NAIVE 1"
"1156_1",1,1,"ASC 2"
"1157_1",1,1,"IgD+ve Memory"
"1158_1",1,1,"NAIVE 2"
"1159_1",1,1,"NAIVE 1"
"115_1",1,1,"ASC 2"
"1160_1",1,1,"ASC 2"
"1162_1",1,1,"IgD-ve Memory"
"1164_1",1,1,"NAIVE 1"
"1166_1",1,1,"NAIVE 2"
"1167_1",1,1,"ASC 3"
"1168_1",1,1,"NAIVE 2"
"1169_1",1,1,"NAIVE 1"
"1171_1",1,1,"NAIVE 2"
"1172_1",1,1,"ASC 2"
"1173_1",1,1,"IgD+ve Memory"
"1174_1",1,1,"NAIVE 1"
"1176_1",1,1,"Early-Activation"
"1177_1",1,1,"ASC 2"
"1178_1",1,1,"IgD-ve Memory"
"1179_1",1,1,"IgD-ve Memory"
"1179_2",1,1,"ASC 2"
"1179_3",1,1,"IgD+ve Memory"
"1180_1",1,1,"HSP+"
"1181_1",1,1,"NAIVE 1"
"1182_1",1,1,"IgD-ve Memory"
"1183_1",1,1,"IgD+ve Memory"
"1184_1",1,1,"ASC 2"
"1185_1",1,1,"ASC 2"
"1186_1",1,1,"NAIVE 2"
"1187_1",1,1,"NAIVE 1"
"1188_1",1,1,"NAIVE 1"
"1189_1",1,1,"ASC 3"
"1191_1",1,1,"ASC 2"
"1192_1",1,1,"ASC 1"
"1193_1",1,1,"NAIVE 1"
"1194_1",1,1,"ASC 3"
"1195_1",1,1,"ASC 2"
"1196_1",1,1,"ASC 1"
"1197_1",1,1,"ASC 2"
"1198_1",1,1,"IgD+ve Memory"
"1199_1",1,1,"IgD+ve Memory"
"119_1",1,1,"ASC 2"
"11_1",1,1,"ASC 2"
"1200_1",1,1,"ASC 2"
"1201_1",1,1,"Cell-Cycling"
"1202_1",1,1,"NAIVE 2"
"1203_1",1,1,"IgD-ve Memory"
"1204_1",1,1,"NAIVE 2"
"1206_1",1,1,"IgD+ve Memory"
"1207_1",1,1,"IgD+ve Memory"
"1208_1",1,1,"IgD-ve Memory"
"1209_1",1,1,"NAIVE 2"
"120_1",1,1,"ASC 2"
"1210_1",1,1,"IgD-ve Memory"
"1211_1",1,1,"IgD-ve Memory"
"1212_1",1,1,"NAIVE 1"
"1213_2",1,1,"NAIVE 1"
"1214_1",1,1,"IgD-ve Memory"
"1215_1",1,1,"IgD-ve Memory"
"1216_1",1,1,"ASC 1"
"1217_1",1,1,"ASC 2"
"1218_1",1,1,"IgD+ve Memory"
"1218_2",1,1,"IgD+ve Memory"
"1219_1",1,1,"IgD+ve Memory"
"121_1",1,1,"ASC 2"
"1220_1",1,1,"IgD+ve Memory"
"1221_1",1,1,"IgD-ve Memory"
"1222_2",1,1,"NAIVE 1"
"1222_3",1,1,"IgD+ve Memory"
"1222_4",1,1,"IgD+ve Memory"
"1222_5",1,1,"IgD+ve Memory"
"1222_6",1,1,"IgD+ve Memory"
"1223_1",1,1,"ASC 2"
"1224_1",1,1,"NAIVE 1"
"1225_1",1,1,"ASC 2"
"1226_1",1,1,"NAIVE 1"
"1227_1",1,1,"IgD-ve Memory"
"1228_1",1,1,"ASC 2"
"122_1",1,1,"ASC 2"
"1230_1",1,1,"IgD-ve Memory"
"1231_1",1,1,"NAIVE 2"
"1232_1",1,1,"Cell-Cycling"
"1233_1",1,1,"IgD-ve Memory"
"1234_1",1,1,"ASC 3"
"1235_1",1,1,"ASC 3"
"1236_1",1,1,"ASC 2"
"1237_1",1,1,"ASC 3"
"1239_1",1,1,"ASC 2"
"123_1",1,1,"ASC 2"
"1241_1",1,1,"NAIVE 2"
"1242_1",1,1,"Cell-Cycling"
"1243_1",1,1,"ASC 2"
"1245_1",1,1,"Cell-Cycling"
"1248_1",1,1,"IgD-ve Memory"
"1249_1",1,1,"ASC 2"
"124_1",1,1,"NAIVE 2"
"1250_1",1,1,"NAIVE 2"
"1251_1",1,1,"NAIVE 1"
"1252_3",1,1,"IgD+ve Memory"
"1252_4",1,1,"DN2"
"1253_1",1,1,"ASC 2"
"1254_2",1,1,"ASC 2"
"1255_1",1,1,"ASC 2"
"1256_1",1,1,"Cell-Cycling"
"1257_1",1,1,"IgD-ve Memory"
"1258_1",1,1,"IgD+ve Memory"
"1259_1",1,1,"IgD-ve Memory"
"125_1",1,1,"IgD-ve Memory"
"1260_1",1,1,"IgD-ve Memory"
"1261_1",1,1,"ASC 2"
"1263_1",1,1,"ASC 2"
"1264_1",1,1,"NAIVE 2"
"1265_1",1,1,"IgD-ve Memory"
"1265_2",1,1,"Early-Activation"
"1266_1",1,1,"ASC 2"
"1267_1",1,1,"IgD+ve Memory"
"1268_1",1,1,"IgD+ve Memory"
"1269_1",1,1,"ASC 2"
"126_1",1,1,"ASC 2"
"1270_1",1,1,"IgD+ve Memory"
"1272_1",1,1,"IgD-ve Memory"
"1273_1",1,1,"IgD-ve Memory"
"1274_1",1,1,"IgD+ve Memory"
"1275_1",1,1,"ASC 2"
"1276_1",1,1,"IgD+ve Memory"
"1277_1",1,1,"IgD+ve Memory"
"1278_1",1,1,"ASC 3"
"1278_2",1,1,"IgD+ve Memory"
"1279_1",1,1,"IgD-ve Memory"
"127_1",1,1,"NAIVE 2"
"1280_1",1,1,"NAIVE 1"
"1281_1",1,1,"ASC 2"
"1285_1",1,1,"ASC 2"
"1288_1",1,1,"IgD+ve Memory"
"1289_1",1,1,"IgD-ve Memory"
"128_1",1,1,"HSP+"
"1290_1",1,1,"IgD+ve Memory"
"1293_1",1,1,"ASC 2"
"1294_1",1,1,"NAIVE 1"
"1296_1",1,1,"IgD+ve Memory"
"1298_1",1,1,"NAIVE 2"
"1299_1",1,1,"IgD-ve Memory"
"129_1",1,1,"NAIVE 1"
"1300_1",1,1,"IgD+ve Memory"
"1301_1",1,1,"IgD+ve Memory"
"1302_1",1,1,"IgD+ve Memory"
"1303_1",1,1,"ASC 2"
"1304_1",1,1,"ASC 2"
"1306_1",1,1,"ASC 2"
"1307_1",1,1,"IgD+ve Memory"
"1308_1",1,1,"ASC 2"
"1309_1",1,1,"NAIVE 1"
"130_1",1,1,"ASC 2"
"1310_1",1,1,"ASC 3"
"1311_1",1,1,"NAIVE 2"
"1312_1",1,1,"ASC 2"
"1313_1",1,1,"ASC 2"
"1314_1",1,1,"IgD-ve Memory"
"1315_1",1,1,"ASC 3"
"1317_1",1,1,"ASC 3"
"1318_1",1,1,"ASC 3"
"131_1",1,1,"ASC 2"
"1320_1",1,1,"IgD+ve Memory"
"1321_1",1,1,"NAIVE 1"
"1322_1",1,1,"IgD+ve Memory"
"1323_1",1,1,"ASC 3"
"1324_1",1,1,"ASC 2"
"1325_1",1,1,"Early-Activation"
"1328_1",1,1,"NAIVE 1"
"1329_1",1,1,"ASC 2"
"132_1",1,1,"IgD-ve Memory"
"1330_1",1,1,"NAIVE 1"
"1331_1",1,1,"ASC 3"
"1332_1",1,1,"NAIVE 1"
"1333_1",1,1,"NAIVE 1"
"1334_1",1,1,"NAIVE 2"
"1337_1",1,1,"ASC 2"
"1338_1",1,1,"ASC 2"
"1339_1",1,1,"IgD+ve Memory"
"1340_1",1,1,"NAIVE 1"
"1341_1",1,1,"NAIVE 2"
"1342_1",1,1,"IgD-ve Memory"
"1343_1",1,1,"ASC 2"
"1344_1",1,1,"NAIVE 2"
"1345_1",1,1,"ASC 3"
"1347_1",1,1,"IgD-ve Memory"
"1348_1",1,1,"ASC 3"
"1349_1",1,1,"ASC 3"
"134_1",1,1,"ASC 2"
"1350_1",1,1,"IgD+ve Memory"
"1351_1",1,1,"ASC 3"
"1352_1",1,1,"NAIVE 2"
"1353_1",1,1,"IgD+ve Memory"
"1355_1",1,1,"IgD+ve Memory"
"1356_1",1,1,"NAIVE 1"
"1357_1",1,1,"ASC 2"
"1358_1",1,1,"ASC 3"
"1359_1",1,1,"IgD+ve Memory"
"135_1",1,1,"ASC 2"
"1361_1",1,1,"IgD+ve Memory"
"1363_1",1,1,"ASC 3"
"1364_1",1,1,"IgD+ve Memory"
"1365_1",1,1,"NAIVE 1"
"1366_1",1,1,"IgD-ve Memory"
"1367_1",1,1,"NAIVE 2"
"1368_1",1,1,"ASC 3"
"1369_1",1,1,"ASC 2"
"136_1",1,1,"ASC 3"
"1370_1",1,1,"Early-Activation"
"1371_1",1,1,"Cell-Cycling"
"1372_1",1,1,"Cell-Cycling"
"1373_1",1,1,"NAIVE 2"
"1374_1",1,1,"ASC 2"
"1375_1",1,1,"ASC 3"
"1376_1",1,1,"ASC 2"
"1377_1",1,1,"ASC 3"
"1378_1",1,1,"ASC 3"
"1379_1",1,1,"NAIVE 2"
"137_1",1,1,"ASC 1"
"1380_1",1,1,"ASC 1"
"1381_1",1,1,"ASC 2"
"1382_1",1,1,"Cell-Cycling"
"1383_1",1,1,"IgD-ve Memory"
"1384_1",1,1,"ASC 2"
"1385_1",1,1,"NAIVE 2"
"1386_2",1,1,"IgD+ve Memory"
"1386_3",1,1,"NAIVE 1"
"1387_1",1,1,"NAIVE 2"
"1388_1",1,1,"ASC 2"
"1389_1",1,1,"ASC 2"
"138_1",1,1,"Cell-Cycling"
"1390_1",1,1,"ASC 2"
"1391_1",1,1,"IgD-ve Memory"
"1392_1",1,1,"HSP+"
"1393_1",1,1,"ASC 2"
"1394_1",1,1,"NAIVE 1"
"1395_1",1,1,"IgD+ve Memory"
"1396_1",1,1,"IgD-ve Memory"
"1397_1",1,1,"NAIVE 2"
"1398_1",1,1,"ASC 2"
"1399_1",1,1,"NAIVE 1"
"139_1",1,1,"IgD+ve Memory"
"13_1",1,1,"ASC 2"
"1400_1",1,1,"NAIVE 1"
"1401_1",1,1,"IgD-ve Memory"
"1403_1",1,1,"ASC 2"
"1404_1",1,1,"NAIVE 1"
"1406_1",1,1,"ASC 2"
"1407_1",1,1,"IgD-ve Memory"
"1408_1",1,1,"ASC 2"
"1409_1",1,1,"ASC 2"
"1410_1",1,1,"NAIVE 1"
"1411_1",1,1,"IgD+ve Memory"
"1412_1",1,1,"IgD-ve Memory"
"1413_1",1,1,"NAIVE 2"
"1414_1",1,1,"IgD-ve Memory"
"1415_1",1,1,"IgD+ve Memory"
"1416_1",1,1,"IgD-ve Memory"
"1417_1",1,1,"ASC 2"
"1418_1",1,1,"ASC 2"
"1419_1",1,1,"IgD-ve Memory"
"141_1",1,1,"NAIVE 1"
"1421_1",1,1,"IgD-ve Memory"
"1423_1",1,1,"ASC 2"
"1424_1",1,1,"IgD-ve Memory"
"1425_1",1,1,"NAIVE 1"
"1427_1",1,1,"NAIVE 1"
"1429_1",1,1,"IgD+ve Memory"
"142_1",1,1,"ASC 2"
"1430_2",1,1,"IgD+ve Memory"
"1431_1",1,1,"ASC 2"
"1432_1",1,1,"IgD-ve Memory"
"1433_1",1,1,"NAIVE 2"
"1434_1",1,1,"IgD-ve Memory"
"1435_1",1,1,"Early-Activation"
"1436_1",1,1,"NAIVE 1"
"1437_1",1,1,"IgD-ve Memory"
"1438_1",1,1,"IgD-ve Memory"
"1439_1",1,1,"IgD+ve Memory"
"143_1",1,1,"Cell-Cycling"
"1440_1",1,1,"NAIVE 1"
"1441_1",1,1,"IgD-ve Memory"
"1442_1",1,1,"IgD-ve Memory"
"1443_1",1,1,"IgD-ve Memory"
"1444_1",1,1,"ASC 3"
"1445_1",1,1,"NAIVE 1"
"1447_1",1,1,"IgD+ve Memory"
"1447_2",1,1,"IgD-ve Memory"
"1448_1",1,1,"IgD+ve Memory"
"1449_1",1,1,"DN2"
"144_1",1,1,"NAIVE 1"
"1450_1",1,1,"NAIVE 2"
"1451_1",1,1,"NAIVE 2"
"1452_1",1,1,"ASC 2"
"1453_1",1,1,"IgD+ve Memory"
"1454_1",1,1,"ASC 2"
"1455_1",1,1,"ASC 3"
"1456_1",1,1,"ASC 2"
"1457_1",1,1,"ASC 2"
"1458_1",1,1,"NAIVE 1"
"1459_1",1,1,"NAIVE 1"
"145_1",1,1,"ASC 2"
"1460_1",1,1,"IgD-ve Memory"
"1461_1",1,1,"NAIVE 1"
"1462_1",1,1,"Cell-Cycling"
"1463_1",1,1,"ASC 2"
"1464_1",1,1,"Cell-Cycling"
"1465_1",1,1,"NAIVE 1"
"1466_1",1,1,"ASC 2"
"1467_1",1,1,"ASC 2"
"1468_1",1,1,"IgD+ve Memory"
"1469_1",1,1,"ASC 2"
"146_1",1,1,"IgD-ve Memory"
"1470_1",1,1,"IgD+ve Memory"
"1471_1",1,1,"ASC 2"
"1472_1",1,1,"IgD-ve Memory"
"1474_1",1,1,"NAIVE 2"
"1475_1",1,1,"NAIVE 1"
"1476_1",1,1,"ASC 2"
"1477_1",1,1,"NAIVE 2"
"1478_1",1,1,"IgD+ve Memory"
"147_1",1,1,"NAIVE 1"
"1480_1",1,1,"IgD+ve Memory"
"1481_1",1,1,"NAIVE 1"
"1482_1",1,1,"DN2"
"1483_1",1,1,"NAIVE 1"
"1484_1",1,1,"NAIVE 1"
"1485_1",1,1,"ASC 2"
"1486_1",1,1,"ASC 2"
"1488_1",1,1,"NAIVE 1"
"1489_1",1,1,"ASC 2"
"148_1",1,1,"Early-Activation"
"1491_1",1,1,"ASC 2"
"1492_1",1,1,"IgD-ve Memory"
"1493_1",1,1,"IgD-ve Memory"
"1495_1",1,1,"ASC 2"
"1497_1",1,1,"Early-Activation"
"1499_1",1,1,"IgD+ve Memory"
"149_1",1,1,"ASC 2"
"14_1",1,1,"IgD-ve Memory"
"1501_1",1,1,"ASC 2"
"1502_1",1,1,"ASC 2"
"1503_1",1,1,"IgD-ve Memory"
"1504_1",1,1,"NAIVE 1"
"1505_1",1,1,"NAIVE 1"
"1505_2",1,1,"IgD+ve Memory"
"1505_3",1,1,"NAIVE 2"
"1505_4",1,1,"Early-Activation"
"1506_1",1,1,"ASC 2"
"1507_1",1,1,"DN2"
"1509_1",1,1,"IgD+ve Memory"
"150_1",1,1,"IgD+ve Memory"
"1510_1",1,1,"ASC 2"
"1511_1",1,1,"Cell-Cycling"
"1512_1",1,1,"ASC 2"
"1513_1",1,1,"ASC 2"
"1514_1",1,1,"HSP+"
"1515_1",1,1,"IgD+ve Memory"
"1516_1",1,1,"NAIVE 1"
"1519_1",1,1,"ASC 2"
"151_1",1,1,"NAIVE 1"
"1520_1",1,1,"ASC 2"
"1521_1",1,1,"ASC 2"
"1522_1",1,1,"ASC 3"
"1523_1",1,1,"HSP+"
"1524_1",1,1,"ASC 2"
"1525_1",1,1,"NAIVE 1"
"1526_1",1,1,"ASC 2"
"1527_1",1,1,"IgD-ve Memory"
"1528_1",1,1,"ASC 2"
"1529_1",1,1,"IgD-ve Memory"
"1529_2",1,1,"Early-Activation"
"1529_3",1,1,"NAIVE 2"
"1529_4",1,1,"IgD+ve Memory"
"1529_5",1,1,"NAIVE 2"
"152_1",1,1,"NAIVE 1"
"152_2",1,1,"IgD-ve Memory"
"1530_1",1,1,"ASC 2"
"1531_1",1,1,"ASC 2"
"1532_1",1,1,"IgD-ve Memory"
"1533_1",1,1,"ASC 3"
"1534_1",1,1,"NAIVE 2"
"1535_1",1,1,"IgD-ve Memory"
"1539_1",1,1,"NAIVE 1"
"153_1",1,1,"NAIVE 1"
"1541_1",1,1,"IgD-ve Memory"
"1542_1",1,1,"NAIVE 2"
"1543_1",1,1,"NAIVE 2"
"1544_1",1,1,"IgD+ve Memory"
"1545_1",1,1,"ASC 2"
"1546_1",1,1,"ASC 2"
"1547_1",1,1,"IgD+ve Memory"
"1548_1",1,1,"ASC 2"
"1549_1",1,1,"ASC 1"
"154_1",1,1,"NAIVE 2"
"1550_1",1,1,"IgD+ve Memory"
"1551_1",1,1,"IgD+ve Memory"
"1552_1",1,1,"NAIVE 2"
"1553_1",1,1,"ASC 2"
"1554_1",1,1,"IgD+ve Memory"
"1558_1",1,1,"NAIVE 2"
"1559_1",1,1,"NAIVE 1"
"1561_1",1,1,"ASC 2"
"1562_1",1,1,"IgD+ve Memory"
"1563_1",1,1,"Early-Activation"
"1564_1",1,1,"ASC 2"
"1565_1",1,1,"NAIVE 1"
"1566_1",1,1,"NAIVE 1"
"1567_1",1,1,"IgD+ve Memory"
"1567_2",1,1,"IgD+ve Memory"
"1567_3",1,1,"IgD+ve Memory"
"1568_1",1,1,"ASC 2"
"1569_1",1,1,"IgD-ve Memory"
"156_1",1,1,"IgD-ve Memory"
"1570_1",1,1,"ASC 2"
"1571_1",1,1,"DN2"
"1572_1",1,1,"Cell-Cycling"
"1573_1",1,1,"NAIVE 2"
"1574_1",1,1,"IgD+ve Memory"
"1575_1",1,1,"NAIVE 2"
"1576_1",1,1,"IgD+ve Memory"
"1577_1",1,1,"IgD-ve Memory"
"1578_1",1,1,"ASC 3"
"1578_2",1,1,"ASC 3"
"1579_1",1,1,"ASC 2"
"157_2",1,1,"IgD-ve Memory"
"1580_1",1,1,"ASC 1"
"1581_1",1,1,"IgD-ve Memory"
"1582_1",1,1,"HSP+"
"1583_1",1,1,"IgD-ve Memory"
"1584_1",1,1,"ASC 2"
"1585_1",1,1,"IgD-ve Memory"
"1588_1",1,1,"IgD+ve Memory"
"1589_1",1,1,"ASC 2"
"158_1",1,1,"ASC 3"
"1590_1",1,1,"NAIVE 2"
"1591_1",1,1,"Cell-Cycling"
"1593_1",1,1,"ASC 2"
"1594_1",1,1,"NAIVE 1"
"1595_1",1,1,"ASC 2"
"1596_1",1,1,"IgD+ve Memory"
"1597_1",1,1,"ASC 2"
"1599_1",1,1,"IgD-ve Memory"
"159_1",1,1,"NAIVE 1"
"15_1",1,1,"IgD+ve Memory"
"1600_1",1,1,"ASC 3"
"1601_1",1,1,"IgD+ve Memory"
"1602_1",1,1,"IgD-ve Memory"
"1604_1",1,1,"ASC 2"
"1605_1",1,1,"ASC 2"
"1606_1",1,1,"NAIVE 2"
"1607_1",1,1,"HSP+"
"1609_1",1,1,"ASC 2"
"1610_1",1,1,"NAIVE 1"
"1611_1",1,1,"ASC 2"
"1612_1",1,1,"NAIVE 2"
"1613_1",1,1,"Cell-Cycling"
"1614_1",1,1,"IgD-ve Memory"
"1615_1",1,1,"ASC 2"
"1616_1",1,1,"NAIVE 1"
"1617_1",1,1,"Early-Activation"
"1618_1",1,1,"IgD-ve Memory"
"161_1",1,1,"Cell-Cycling"
"1620_1",1,1,"ASC 2"
"1621_1",1,1,"NAIVE 1"
"1623_1",1,1,"NAIVE 1"
"1624_1",1,1,"ASC 2"
"1625_1",1,1,"ASC 1"
"1626_1",1,1,"IgD-ve Memory"
"1627_1",1,1,"ASC 1"
"1628_1",1,1,"NAIVE 2"
"1629_1",1,1,"ASC 2"
"162_1",1,1,"ASC 2"
"1630_1",1,1,"NAIVE 1"
"1631_1",1,1,"HSP+"
"1632_1",1,1,"NAIVE 1"
"1633_1",1,1,"IgD-ve Memory"
"1634_1",1,1,"NAIVE 1"
"1635_1",1,1,"ASC 2"
"1636_1",1,1,"NAIVE 1"
"1637_1",1,1,"ASC 1"
"1638_1",1,1,"IgD-ve Memory"
"1639_1",1,1,"Cell-Cycling"
"163_1",1,1,"IgD+ve Memory"
"1640_1",1,1,"NAIVE 1"
"1641_1",1,1,"NAIVE 1"
"1642_1",1,1,"IgD+ve Memory"
"1643_1",1,1,"NAIVE 2"
"1644_1",1,1,"ASC 3"
"1645_1",1,1,"IgD+ve Memory"
"1647_1",1,1,"NAIVE 2"
"1648_1",1,1,"NAIVE 2"
"1649_1",1,1,"ASC 2"
"164_1",1,1,"IgD-ve Memory"
"1650_1",1,1,"IgD+ve Memory"
"1650_2",1,1,"IgD+ve Memory"
"1651_1",1,1,"IgD+ve Memory"
"1652_1",1,1,"ASC 2"
"1653_1",1,1,"IgD+ve Memory"
"1654_1",1,1,"IgD-ve Memory"
"1655_1",1,1,"IgD+ve Memory"
"1656_1",1,1,"IgD-ve Memory"
"1657_2",1,1,"NAIVE 1"
"1658_1",1,1,"IgD+ve Memory"
"165_1",1,1,"ASC 1"
"1660_1",1,1,"NAIVE 2"
"1661_1",1,1,"NAIVE 1"
"1662_1",1,1,"ASC 1"
"1663_1",1,1,"ASC 2"
"1664_1",1,1,"NAIVE 2"
"1665_1",1,1,"ASC 2"
"1666_1",1,1,"IgD+ve Memory"
"1668_1",1,1,"HSP+"
"1669_1",1,1,"ASC 2"
"166_1",1,1,"IgD+ve Memory"
"1670_1",1,1,"IgD-ve Memory"
"1671_1",1,1,"NAIVE 1"
"1672_1",1,1,"NAIVE 2"
"1673_1",1,1,"NAIVE 1"
"1674_1",1,1,"ASC 2"
"1675_1",1,1,"IgD-ve Memory"
"1676_1",1,1,"IgD-ve Memory"
"1677_1",1,1,"IgD-ve Memory"
"1678_1",1,1,"IgD+ve Memory"
"1679_2",1,1,"NAIVE 1"
"167_1",1,1,"NAIVE 1"
"1680_1",1,1,"NAIVE 1"
"1681_1",1,1,"NAIVE 2"
"1682_1",1,1,"NAIVE 2"
"1683_1",1,1,"IgD+ve Memory"
"1686_1",1,1,"ASC 2"
"1687_1",1,1,"Cell-Cycling"
"1688_1",1,1,"IgD-ve Memory"
"168_1",1,1,"ASC 2"
"1690_1",1,1,"ASC 2"
"1691_1",1,1,"NAIVE 2"
"1692_1",1,1,"NAIVE 1"
"1693_1",1,1,"ASC 2"
"1694_1",1,1,"NAIVE 2"
"1695_1",1,1,"NAIVE 1"
"1696_1",1,1,"IgD-ve Memory"
"1697_1",1,1,"ASC 2"
"1698_1",1,1,"NAIVE 1"
"1699_1",1,1,"NAIVE 2"
"169_1",1,1,"IgD+ve Memory"
"16_1",1,1,"NAIVE 1"
"1700_1",1,1,"ASC 3"
"1701_1",1,1,"ASC 2"
"1702_1",1,1,"NAIVE 2"
"1704_1",1,1,"ASC 1"
"1705_1",1,1,"IgD-ve Memory"
"1706_1",1,1,"IgD-ve Memory"
"1709_1",1,1,"NAIVE 2"
"170_1",1,1,"ASC 2"
"1710_1",1,1,"ASC 2"
"1711_1",1,1,"IgD+ve Memory"
"1712_1",1,1,"NAIVE 2"
"1713_1",1,1,"NAIVE 2"
"1714_1",1,1,"NAIVE 1"
"1715_1",1,1,"NAIVE 1"
"1716_1",1,1,"ASC 2"
"1717_1",1,1,"NAIVE 2"
"1718_1",1,1,"ASC 2"
"1719_1",1,1,"ASC 1"
"171_1",1,1,"IgD+ve Memory"
"1720_1",1,1,"NAIVE 2"
"1721_1",1,1,"Early-Activation"
"1722_1",1,1,"ASC 3"
"1723_1",1,1,"ASC 2"
"1724_1",1,1,"ASC 2"
"1725_1",1,1,"ASC 2"
"1726_1",1,1,"ASC 1"
"1727_1",1,1,"ASC 2"
"1728_1",1,1,"Early-Activation"
"1729_1",1,1,"NAIVE 1"
"172_1",1,1,"ASC 1"
"1730_1",1,1,"NAIVE 1"
"1731_1",1,1,"NAIVE 2"
"1733_1",1,1,"ASC 3"
"1734_1",1,1,"NAIVE 1"
"1736_1",1,1,"ASC 2"
"1737_1",1,1,"ASC 2"
"1738_1",1,1,"ASC 2"
"173_1",1,1,"ASC 2"
"1740_1",1,1,"IgD-ve Memory"
"1741_1",1,1,"Cell-Cycling"
"1742_1",1,1,"IgD-ve Memory"
"1743_1",1,1,"NAIVE 2"
"1745_1",1,1,"NAIVE 1"
"1746_1",1,1,"ASC 2"
"1747_1",1,1,"IgD-ve Memory"
"1748_1",1,1,"NAIVE 2"
"174_1",1,1,"ASC 2"
"1750_1",1,1,"ASC 2"
"1751_1",1,1,"NAIVE 2"
"1752_1",1,1,"ASC 2"
"1753_1",1,1,"Early-Activation"
"1754_1",1,1,"Cell-Cycling"
"1755_1",1,1,"ASC 3"
"1757_1",1,1,"ASC 2"
"1757_2",1,1,"ASC 2"
"1758_1",1,1,"NAIVE 1"
"1759_2",1,1,"IgD+ve Memory"
"1760_1",1,1,"DN2"
"1761_1",1,1,"NAIVE 1"
"1762_1",1,1,"NAIVE 1"
"1765_1",1,1,"ASC 2"
"1766_1",1,1,"IgD+ve Memory"
"1766_2",1,1,"IgD+ve Memory"
"1767_1",1,1,"ASC 2"
"1768_1",1,1,"NAIVE 1"
"1769_1",1,1,"ASC 2"
"176_1",1,1,"ASC 2"
"1770_1",1,1,"NAIVE 1"
"1771_1",1,1,"ASC 2"
"1772_1",1,1,"ASC 2"
"1774_1",1,1,"ASC 2"
"1775_1",1,1,"NAIVE 1"
"1776_1",1,1,"ASC 2"
"1777_1",1,1,"ASC 3"
"1778_1",1,1,"ASC 2"
"1781_1",1,1,"NAIVE 2"
"1783_1",1,1,"ASC 2"
"1784_1",1,1,"IgD-ve Memory"
"1785_1",1,1,"IgD+ve Memory"
"1787_1",1,1,"ASC 2"
"1788_1",1,1,"Cell-Cycling"
"1789_1",1,1,"DN2"
"178_1",1,1,"ASC 2"
"1791_1",1,1,"NAIVE 1"
"1792_1",1,1,"IgD+ve Memory"
"1793_1",1,1,"ASC 2"
"1794_1",1,1,"NAIVE 2"
"1795_1",1,1,"NAIVE 2"
"1797_1",1,1,"ASC 2"
"1798_1",1,1,"ASC 2"
"179_1",1,1,"NAIVE 1"
"1801_1",1,1,"ASC 2"
"1801_2",1,1,"ASC 2"
"1802_1",1,1,"ASC 2"
"1804_1",1,1,"ASC 2"
"1805_1",1,1,"ASC 2"
"1807_1",1,1,"ASC 2"
"1808_1",1,1,"ASC 2"
"1809_1",1,1,"ASC 2"
"180_1",1,1,"IgD-ve Memory"
"1810_1",1,1,"ASC 2"
"1811_1",1,1,"IgD+ve Memory"
"1811_2",1,1,"IgD+ve Memory"
"1811_3",1,1,"NAIVE 2"
"1812_1",1,1,"ASC 2"
"1813_1",1,1,"NAIVE 2"
"1814_1",1,1,"IgD-ve Memory"
"1815_1",1,1,"DN2"
"1816_2",1,1,"IgD-ve Memory"
"1817_1",1,1,"ASC 2"
"1818_1",1,1,"NAIVE 1"
"1819_1",1,1,"IgD-ve Memory"
"181_1",1,1,"NAIVE 2"
"1820_1",1,1,"NAIVE 2"
"1821_1",1,1,"NAIVE 1"
"1822_1",1,1,"ASC 3"
"1823_1",1,1,"ASC 2"
"1824_1",1,1,"IgD-ve Memory"
"1825_1",1,1,"IgD-ve Memory"
"1827_1",1,1,"IgD+ve Memory"
"1827_2",1,1,"IgD+ve Memory"
"1828_1",1,1,"IgD+ve Memory"
"1829_1",1,1,"IgD+ve Memory"
"1829_2",1,1,"IgD+ve Memory"
"1829_3",1,1,"IgD+ve Memory"
"1829_4",1,1,"ASC 1"
"182_1",1,1,"ASC 2"
"1830_1",1,1,"IgD-ve Memory"
"1831_1",1,1,"IgD+ve Memory"
"1832_1",1,1,"IgD+ve Memory"
"1833_2",1,1,"IgD+ve Memory"
"1834_1",1,1,"IgD+ve Memory"
"1835_1",1,1,"NAIVE 1"
"1836_1",1,1,"NAIVE 1"
"1837_1",1,1,"ASC 2"
"1838_1",1,1,"NAIVE 1"
"1839_1",1,1,"ASC 2"
"183_1",1,1,"IgD-ve Memory"
"1840_1",1,1,"IgD+ve Memory"
"1841_1",1,1,"IgD+ve Memory"
"1842_1",1,1,"IgD-ve Memory"
"1843_1",1,1,"ASC 2"
"1844_2",1,1,"IgD+ve Memory"
"1844_3",1,1,"IgD+ve Memory"
"1844_4",1,1,"HSP+"
"1844_5",1,1,"IgD+ve Memory"
"1844_6",1,1,"IgD+ve Memory"
"1846_1",1,1,"ASC 2"
"1847_1",1,1,"IgD-ve Memory"
"1848_1",1,1,"NAIVE 2"
"1849_1",1,1,"ASC 2"
"184_1",1,1,"IgD+ve Memory"
"1850_1",1,1,"HSP+"
"1851_1",1,1,"ASC 2"
"1852_1",1,1,"NAIVE 2"
"1853_1",1,1,"NAIVE 2"
"1854_1",1,1,"NAIVE 2"
"1855_1",1,1,"IgD+ve Memory"
"1856_1",1,1,"IgD+ve Memory"
"1858_2",1,1,"NAIVE 1"
"185_1",1,1,"IgD+ve Memory"
"1860_1",1,1,"NAIVE 1"
"1861_1",1,1,"NAIVE 2"
"1862_1",1,1,"ASC 2"
"1864_1",1,1,"ASC 1"
"1865_1",1,1,"NAIVE 2"
"1866_1",1,1,"ASC 3"
"1867_1",1,1,"NAIVE 1"
"1868_1",1,1,"ASC 2"
"1869_1",1,1,"IgD+ve Memory"
"186_1",1,1,"NAIVE 2"
"1870_1",1,1,"ASC 2"
"1871_1",1,1,"ASC 2"
"1872_1",1,1,"NAIVE 1"
"1873_1",1,1,"NAIVE 1"
"1874_1",1,1,"NAIVE 2"
"1875_1",1,1,"NAIVE 2"
"1876_1",1,1,"ASC 2"
"1877_1",1,1,"ASC 3"
"1878_1",1,1,"IgD-ve Memory"
"1879_1",1,1,"NAIVE 1"
"187_1",1,1,"ASC 1"
"1880_1",1,1,"NAIVE 2"
"1881_1",1,1,"Cell-Cycling"
"1882_1",1,1,"ASC 2"
"1883_1",1,1,"NAIVE 1"
"1884_1",1,1,"IgD+ve Memory"
"1885_1",1,1,"NAIVE 1"
"1886_1",1,1,"NAIVE 2"
"1887_1",1,1,"ASC 2"
"1888_1",1,1,"NAIVE 1"
"1889_1",1,1,"NAIVE 1"
"188_1",1,1,"DN2"
"1890_1",1,1,"NAIVE 1"
"1891_1",1,1,"NAIVE 2"
"1893_1",1,1,"IgD-ve Memory"
"1895_1",1,1,"IgD-ve Memory"
"1896_1",1,1,"NAIVE 2"
"1897_1",1,1,"ASC 2"
"189_1",1,1,"ASC 1"
"18_1",1,1,"Cell-Cycling"
"190_1",1,1,"ASC 2"
"191_1",1,1,"ASC 3"
"193_1",1,1,"ASC 2"
"194_1",1,1,"ASC 2"
"195_1",1,1,"NAIVE 1"
"196_1",1,1,"NAIVE 2"
"197_1",1,1,"IgD+ve Memory"
"198_1",1,1,"ASC 2"
"199_1",1,1,"ASC 2"
"19_1",1,1,"IgD-ve Memory"
"1_1",1,1,"ASC 2"
"200_1",1,1,"ASC 2"
"201_1",1,1,"ASC 2"
"202_1",1,1,"Early-Activation"
"203_1",1,1,"NAIVE 1"
"204_1",1,1,"IgD+ve Memory"
"205_1",1,1,"ASC 2"
"206_1",1,1,"NAIVE 2"
"208_1",1,1,"ASC 2"
"209_1",1,1,"IgD-ve Memory"
"20_1",1,1,"Early-Activation"
"210_2",1,1,"Cell-Cycling"
"211_1",1,1,"NAIVE 1"
"212_1",1,1,"IgD-ve Memory"
"213_1",1,1,"NAIVE 2"
"214_1",1,1,"ASC 2"
"215_1",1,1,"NAIVE 2"
"216_1",1,1,"NAIVE 1"
"217_1",1,1,"ASC 2"
"218_1",1,1,"NAIVE 1"
"219_1",1,1,"IgD+ve Memory"
"21_1",1,1,"IgD+ve Memory"
"220_1",1,1,"IgD-ve Memory"
"221_1",1,1,"ASC 2"
"222_1",1,1,"IgD-ve Memory"
"223_1",1,1,"NAIVE 1"
"224_1",1,1,"IgD-ve Memory"
"225_1",1,1,"IgD-ve Memory"
"226_1",1,1,"IgD+ve Memory"
"227_1",1,1,"Cell-Cycling"
"228_1",1,1,"NAIVE 2"
"22_1",1,1,"ASC 2"
"230_1",1,1,"IgD-ve Memory"
"231_1",1,1,"IgD-ve Memory"
"232_1",1,1,"NAIVE 1"
"233_1",1,1,"IgD-ve Memory"
"234_1",1,1,"IgD-ve Memory"
"236_1",1,1,"ASC 2"
"237_1",1,1,"ASC 2"
"238_1",1,1,"IgD+ve Memory"
"239_1",1,1,"NAIVE 2"
"23_1",1,1,"IgD+ve Memory"
"240_1",1,1,"IgD-ve Memory"
"241_1",1,1,"ASC 2"
"242_1",1,1,"NAIVE 1"
"243_1",1,1,"Early-Activation"
"244_1",1,1,"ASC 2"
"245_1",1,1,"NAIVE 2"
"246_1",1,1,"ASC 1"
"247_1",1,1,"ASC 3"
"248_1",1,1,"Cell-Cycling"
"249_1",1,1,"NAIVE 2"
"24_1",1,1,"IgD+ve Memory"
"250_1",1,1,"ASC 2"
"251_1",1,1,"ASC 2"
"252_1",1,1,"Cell-Cycling"
"253_1",1,1,"NAIVE 2"
"256_1",1,1,"Cell-Cycling"
"257_1",1,1,"NAIVE 1"
"259_1",1,1,"NAIVE 2"
"260_1",1,1,"NAIVE 1"
"261_1",1,1,"ASC 2"
"263_1",1,1,"Cell-Cycling"
"264_1",1,1,"ASC 2"
"265_1",1,1,"Early-Activation"
"266_1",1,1,"NAIVE 2"
"268_1",1,1,"ASC 2"
"269_1",1,1,"IgD-ve Memory"
"26_1",1,1,"NAIVE 1"
"271_1",1,1,"IgD+ve Memory"
"272_1",1,1,"ASC 2"
"273_1",1,1,"NAIVE 2"
"274_1",1,1,"IgD-ve Memory"
"276_1",1,1,"ASC 2"
"277_1",1,1,"NAIVE 1"
"278_1",1,1,"IgD-ve Memory"
"27_1",1,1,"NAIVE 1"
"280_1",1,1,"IgD-ve Memory"
"281_1",1,1,"ASC 2"
"282_1",1,1,"ASC 1"
"283_1",1,1,"IgD+ve Memory"
"284_1",1,1,"ASC 2"
"285_1",1,1,"IgD+ve Memory"
"286_1",1,1,"IgD-ve Memory"
"287_1",1,1,"NAIVE 1"
"288_1",1,1,"ASC 2"
"289_1",1,1,"NAIVE 2"
"28_1",1,1,"IgD+ve Memory"
"290_1",1,1,"NAIVE 1"
"291_1",1,1,"IgD+ve Memory"
"292_1",1,1,"IgD+ve Memory"
"293_1",1,1,"IgD-ve Memory"
"294_1",1,1,"Early-Activation"
"295_1",1,1,"ASC 2"
"296_1",1,1,"ASC 2"
"298_1",1,1,"IgD-ve Memory"
"299_1",1,1,"NAIVE 1"
"29_1",1,1,"IgD-ve Memory"
"2_1",1,1,"ASC 2"
"300_1",1,1,"ASC 2"
"301_1",1,1,"NAIVE 2"
"302_1",1,1,"ASC 3"
"303_1",1,1,"ASC 2"
"304_1",1,1,"ASC 2"
"305_1",1,1,"ASC 2"
"306_1",1,1,"Early-Activation"
"307_1",1,1,"ASC 1"
"308_1",1,1,"Cell-Cycling"
"309_1",1,1,"ASC 2"
"30_1",1,1,"IgD+ve Memory"
"310_1",1,1,"ASC 2"
"311_1",1,1,"IgD-ve Memory"
"312_1",1,1,"ASC 2"
"313_1",1,1,"ASC 3"
"314_1",1,1,"IgD-ve Memory"
"316_1",1,1,"ASC 2"
"319_1",1,1,"IgD-ve Memory"
"320_1",1,1,"IgD+ve Memory"
"321_1",1,1,"ASC 2"
"322_1",1,1,"NAIVE 1"
"325_1",1,1,"NAIVE 1"
"326_1",1,1,"NAIVE 2"
"327_1",1,1,"NAIVE 1"
"328_1",1,1,"NAIVE 2"
"329_1",1,1,"ASC 2"
"32_2",1,1,"IgD+ve Memory"
"330_1",1,1,"ASC 2"
"331_1",1,1,"ASC 2"
"332_1",1,1,"ASC 2"
"334_1",1,1,"NAIVE 1"
"335_1",1,1,"ASC 2"
"336_1",1,1,"Cell-Cycling"
"338_1",1,1,"Early-Activation"
"339_1",1,1,"Cell-Cycling"
"33_1",1,1,"NAIVE 2"
"340_1",1,1,"NAIVE 1"
"341_1",1,1,"ASC 2"
"342_1",1,1,"NAIVE 2"
"344_1",1,1,"ASC 2"
"345_1",1,1,"ASC 2"
"346_1",1,1,"IgD-ve Memory"
"347_1",1,1,"ASC 2"
"348_1",1,1,"IgD-ve Memory"
"349_1",1,1,"ASC 2"
"34_1",1,1,"IgD-ve Memory"
"350_1",1,1,"IgD-ve Memory"
"351_1",1,1,"ASC 2"
"352_1",1,1,"ASC 2"
"353_1",1,1,"IgD-ve Memory"
"354_1",1,1,"IgD-ve Memory"
"355_1",1,1,"ASC 1"
"357_1",1,1,"ASC 2"
"358_1",1,1,"ASC 2"
"359_1",1,1,"ASC 2"
"35_1",1,1,"NAIVE 2"
"360_1",1,1,"NAIVE 2"
"361_1",1,1,"Early-Activation"
"362_1",1,1,"ASC 2"
"363_1",1,1,"ASC 2"
"364_1",1,1,"NAIVE 1"
"366_1",1,1,"IgD+ve Memory"
"369_1",1,1,"IgD+ve Memory"
"36_1",1,1,"NAIVE 1"
"371_1",1,1,"NAIVE 2"
"373_1",1,1,"ASC 2"
"374_1",1,1,"ASC 2"
"375_1",1,1,"IgD+ve Memory"
"376_1",1,1,"ASC 2"
"377_1",1,1,"ASC 2"
"378_1",1,1,"Early-Activation"
"379_1",1,1,"NAIVE 1"
"37_1",1,1,"NAIVE 2"
"37_2",1,1,"ASC 2"
"380_1",1,1,"ASC 3"
"382_1",1,1,"IgD-ve Memory"
"383_1",1,1,"ASC 2"
"384_1",1,1,"ASC 2"
"386_1",1,1,"IgD+ve Memory"
"387_1",1,1,"NAIVE 2"
"389_1",1,1,"IgD+ve Memory"
"38_1",1,1,"NAIVE 2"
"390_1",1,1,"NAIVE 1"
"391_1",1,1,"Early-Activation"
"392_1",1,1,"NAIVE 2"
"393_1",1,1,"IgD+ve Memory"
"393_2",1,1,"DN2"
"395_1",1,1,"IgD+ve Memory"
"396_1",1,1,"Cell-Cycling"
"397_1",1,1,"IgD-ve Memory"
"398_1",1,1,"IgD-ve Memory"
"39_1",1,1,"ASC 2"
"3_1",1,1,"ASC 3"
"400_1",1,1,"ASC 2"
"401_1",1,1,"Cell-Cycling"
"402_1",1,1,"ASC 3"
"403_1",1,1,"IgD+ve Memory"
"404_2",1,1,"IgD+ve Memory"
"405_1",1,1,"ASC 2"
"405_2",1,1,"ASC 2"
"406_1",1,1,"Cell-Cycling"
"407_1",1,1,"ASC 2"
"408_1",1,1,"NAIVE 2"
"409_1",1,1,"ASC 2"
"40_1",1,1,"ASC 2"
"410_1",1,1,"NAIVE 1"
"411_1",1,1,"IgD+ve Memory"
"412_1",1,1,"IgD-ve Memory"
"414_1",1,1,"IgD+ve Memory"
"415_1",1,1,"ASC 2"
"416_1",1,1,"ASC 2"
"417_1",1,1,"Early-Activation"
"417_2",1,1,"IgD-ve Memory"
"418_1",1,1,"ASC 2"
"419_1",1,1,"NAIVE 1"
"41_1",1,1,"IgD-ve Memory"
"420_1",1,1,"IgD-ve Memory"
"421_1",1,1,"ASC 2"
"421_2",1,1,"NAIVE 1"
"422_1",1,1,"NAIVE 2"
"423_1",1,1,"IgD-ve Memory"
"424_1",1,1,"ASC 2"
"426_1",1,1,"NAIVE 2"
"427_1",1,1,"ASC 1"
"428_1",1,1,"ASC 2"
"429_1",1,1,"IgD+ve Memory"
"42_1",1,1,"Early-Activation"
"430_1",1,1,"Cell-Cycling"
"431_1",1,1,"NAIVE 1"
"432_1",1,1,"IgD-ve Memory"
"433_1",1,1,"ASC 2"
"434_1",1,1,"NAIVE 2"
"435_1",1,1,"ASC 1"
"436_1",1,1,"IgD+ve Memory"
"437_1",1,1,"ASC 2"
"439_1",1,1,"IgD-ve Memory"
"43_1",1,1,"Early-Activation"
"440_1",1,1,"ASC 2"
"441_1",1,1,"ASC 2"
"442_1",1,1,"ASC 2"
"443_1",1,1,"NAIVE 1"
"444_2",1,1,"IgD+ve Memory"
"445_1",1,1,"NAIVE 1"
"446_1",1,1,"ASC 2"
"447_1",1,1,"ASC 2"
"448_1",1,1,"IgD+ve Memory"
"449_1",1,1,"Cell-Cycling"
"44_1",1,1,"NAIVE 2"
"450_1",1,1,"NAIVE 1"
"451_1",1,1,"ASC 1"
"452_1",1,1,"NAIVE 1"
"453_1",1,1,"ASC 2"
"454_1",1,1,"IgD+ve Memory"
"455_1",1,1,"NAIVE 1"
"456_1",1,1,"ASC 2"
"457_1",1,1,"NAIVE 1"
"458_1",1,1,"ASC 3"
"459_1",1,1,"ASC 2"
"45_1",1,1,"IgD+ve Memory"
"460_1",1,1,"ASC 2"
"461_1",1,1,"ASC 1"
"462_1",1,1,"NAIVE 2"
"463_1",1,1,"IgD-ve Memory"
"464_1",1,1,"IgD+ve Memory"
"464_2",1,1,"Cell-Cycling"
"465_1",1,1,"NAIVE 1"
"466_1",1,1,"NAIVE 1"
"467_1",1,1,"IgD+ve Memory"
"468_1",1,1,"IgD-ve Memory"
"470_1",1,1,"ASC 2"
"471_2",1,1,"NAIVE 1"
"472_1",1,1,"DN2"
"473_1",1,1,"NAIVE 2"
"474_1",1,1,"NAIVE 2"
"475_1",1,1,"IgD-ve Memory"
"476_1",1,1,"NAIVE 2"
"477_1",1,1,"ASC 2"
"478_1",1,1,"IgD-ve Memory"
"479_1",1,1,"IgD+ve Memory"
"47_1",1,1,"IgD+ve Memory"
"480_1",1,1,"ASC 3"
"481_2",1,1,"NAIVE 1"
"481_3",1,1,"IgD+ve Memory"
"482_1",1,1,"IgD+ve Memory"
"483_1",1,1,"ASC 2"
"484_1",1,1,"NAIVE 1"
"485_1",1,1,"DN2"
"486_1",1,1,"ASC 2"
"488_1",1,1,"NAIVE 1"
"489_1",1,1,"ASC 2"
"48_1",1,1,"NAIVE 1"
"490_1",1,1,"IgD+ve Memory"
"491_1",1,1,"IgD+ve Memory"
"492_1",1,1,"NAIVE 2"
"493_1",1,1,"IgD-ve Memory"
"494_1",1,1,"IgD+ve Memory"
"495_1",1,1,"ASC 2"
"497_1",1,1,"ASC 2"
"498_1",1,1,"ASC 2"
"499_1",1,1,"NAIVE 2"
"49_1",1,1,"IgD-ve Memory"
"4_1",1,1,"ASC 1"
"500_1",1,1,"IgD+ve Memory"
"500_2",1,1,"IgD+ve Memory"
"502_2",1,1,"IgD+ve Memory"
"503_1",1,1,"ASC 2"
"504_1",1,1,"ASC 2"
"505_1",1,1,"IgD-ve Memory"
"506_1",1,1,"Early-Activation"
"507_1",1,1,"IgD+ve Memory"
"508_1",1,1,"NAIVE 1"
"509_1",1,1,"IgD-ve Memory"
"50_1",1,1,"NAIVE 1"
"510_1",1,1,"ASC 2"
"511_1",1,1,"IgD-ve Memory"
"512_2",1,1,"NAIVE 2"
"512_3",1,1,"NAIVE 2"
"513_1",1,1,"IgD+ve Memory"
"514_2",1,1,"IgD-ve Memory"
"515_1",1,1,"IgD+ve Memory"
"516_2",1,1,"IgD+ve Memory"
"516_3",1,1,"Cell-Cycling"
"517_1",1,1,"ASC 2"
"518_1",1,1,"Early-Activation"
"519_1",1,1,"IgD+ve Memory"
"521_1",1,1,"NAIVE 2"
"522_1",1,1,"ASC 2"
"523_1",1,1,"ASC 2"
"524_1",1,1,"IgD+ve Memory"
"525_1",1,1,"ASC 2"
"527_1",1,1,"NAIVE 1"
"528_1",1,1,"IgD-ve Memory"
"529_1",1,1,"IgD-ve Memory"
"52_1",1,1,"Cell-Cycling"
"530_1",1,1,"ASC 2"
"532_1",1,1,"ASC 2"
"533_1",1,1,"ASC 1"
"534_1",1,1,"ASC 2"
"535_1",1,1,"ASC 3"
"536_1",1,1,"ASC 1"
"537_1",1,1,"ASC 2"
"538_1",1,1,"ASC 2"
"539_1",1,1,"ASC 2"
"541_1",1,1,"IgD+ve Memory"
"542_1",1,1,"DN2"
"543_1",1,1,"IgD-ve Memory"
"544_1",1,1,"ASC 2"
"546_1",1,1,"IgD+ve Memory"
"547_1",1,1,"ASC 2"
"548_1",1,1,"ASC 2"
"549_1",1,1,"Early-Activation"
"54_1",1,1,"IgD-ve Memory"
"550_1",1,1,"IgD-ve Memory"
"551_1",1,1,"ASC 2"
"552_1",1,1,"ASC 1"
"553_1",1,1,"IgD-ve Memory"
"554_1",1,1,"NAIVE 1"
"556_1",1,1,"NAIVE 2"
"557_1",1,1,"NAIVE 1"
"558_2",1,1,"DN2"
"558_3",1,1,"IgD+ve Memory"
"559_1",1,1,"ASC 2"
"55_1",1,1,"NAIVE 1"
"560_1",1,1,"NAIVE 1"
"562_1",1,1,"NAIVE 1"
"563_1",1,1,"NAIVE 1"
"564_1",1,1,"ASC 2"
"566_1",1,1,"ASC 2"
"567_1",1,1,"NAIVE 2"
"568_1",1,1,"ASC 2"
"568_2",1,1,"IgD+ve Memory"
"568_3",1,1,"IgD+ve Memory"
"569_1",1,1,"IgD-ve Memory"
"56_1",1,1,"NAIVE 2"
"570_2",1,1,"IgD+ve Memory"
"571_1",1,1,"ASC 2"
"573_1",1,1,"ASC 2"
"573_2",1,1,"ASC 2"
"574_1",1,1,"NAIVE 1"
"575_1",1,1,"IgD-ve Memory"
"576_1",1,1,"IgD+ve Memory"
"577_1",1,1,"IgD+ve Memory"
"578_1",1,1,"IgD+ve Memory"
"579_1",1,1,"NAIVE 1"
"57_1",1,1,"IgD-ve Memory"
"580_1",1,1,"NAIVE 1"
"582_1",1,1,"NAIVE 1"
"584_1",1,1,"ASC 2"
"585_1",1,1,"NAIVE 2"
"586_1",1,1,"ASC 2"
"587_1",1,1,"NAIVE 2"
"588_1",1,1,"NAIVE 1"
"589_1",1,1,"IgD-ve Memory"
"58_1",1,1,"NAIVE 2"
"590_1",1,1,"NAIVE 2"
"591_1",1,1,"IgD+ve Memory"
"592_1",1,1,"NAIVE 1"
"593_1",1,1,"IgD+ve Memory"
"595_1",1,1,"ASC 2"
"596_1",1,1,"ASC 2"
"599_1",1,1,"NAIVE 1"
"59_1",1,1,"NAIVE 2"
"5_1",1,1,"ASC 2"
"600_1",1,1,"ASC 2"
"601_1",1,1,"NAIVE 1"
"602_1",1,1,"IgD+ve Memory"
"603_1",1,1,"Cell-Cycling"
"604_1",1,1,"ASC 2"
"605_1",1,1,"Early-Activation"
"606_1",1,1,"ASC 2"
"607_2",1,1,"Early-Activation"
"608_1",1,1,"NAIVE 1"
"609_1",1,1,"ASC 2"
"60_1",1,1,"IgD-ve Memory"
"610_1",1,1,"IgD-ve Memory"
"611_1",1,1,"DN2"
"612_1",1,1,"IgD-ve Memory"
"613_1",1,1,"ASC 3"
"614_1",1,1,"NAIVE 2"
"615_1",1,1,"NAIVE 1"
"618_1",1,1,"ASC 2"
"61_1",1,1,"Cell-Cycling"
"620_2",1,1,"IgD-ve Memory"
"621_1",1,1,"ASC 2"
"622_1",1,1,"Cell-Cycling"
"623_1",1,1,"NAIVE 1"
"624_1",1,1,"ASC 2"
"625_1",1,1,"Early-Activation"
"626_1",1,1,"ASC 2"
"627_1",1,1,"ASC 2"
"628_1",1,1,"ASC 2"
"629_1",1,1,"ASC 2"
"630_1",1,1,"NAIVE 2"
"631_1",1,1,"IgD+ve Memory"
"632_1",1,1,"NAIVE 2"
"633_1",1,1,"Cell-Cycling"
"634_1",1,1,"ASC 2"
"635_1",1,1,"ASC 3"
"636_1",1,1,"NAIVE 1"
"637_1",1,1,"ASC 2"
"638_1",1,1,"ASC 2"
"639_1",1,1,"NAIVE 2"
"63_1",1,1,"IgD+ve Memory"
"640_1",1,1,"NAIVE 1"
"641_1",1,1,"NAIVE 1"
"642_1",1,1,"NAIVE 2"
"644_1",1,1,"IgD+ve Memory"
"645_1",1,1,"ASC 2"
"646_1",1,1,"ASC 3"
"647_1",1,1,"IgD+ve Memory"
"649_1",1,1,"IgD+ve Memory"
"64_1",1,1,"IgD+ve Memory"
"650_1",1,1,"NAIVE 1"
"651_1",1,1,"ASC 2"
"652_1",1,1,"ASC 2"
"654_1",1,1,"ASC 2"
"655_1",1,1,"NAIVE 1"
"656_1",1,1,"ASC 2"
"657_1",1,1,"NAIVE 1"
"658_1",1,1,"ASC 2"
"659_1",1,1,"Cell-Cycling"
"65_1",1,1,"Cell-Cycling"
"660_1",1,1,"ASC 2"
"661_1",1,1,"IgD+ve Memory"
"662_1",1,1,"ASC 1"
"663_1",1,1,"NAIVE 1"
"664_1",1,1,"IgD+ve Memory"
"665_1",1,1,"ASC 2"
"666_1",1,1,"ASC 2"
"667_1",1,1,"ASC 2"
"668_1",1,1,"IgD+ve Memory"
"669_1",1,1,"IgD+ve Memory"
"66_1",1,1,"Cell-Cycling"
"670_1",1,1,"IgD+ve Memory"
"671_1",1,1,"NAIVE 1"
"672_1",1,1,"IgD+ve Memory"
"673_1",1,1,"ASC 2"
"674_1",1,1,"NAIVE 2"
"675_1",1,1,"Cell-Cycling"
"676_1",1,1,"ASC 1"
"677_1",1,1,"ASC 2"
"678_1",1,1,"Cell-Cycling"
"679_1",1,1,"ASC 2"
"67_1",1,1,"ASC 2"
"680_1",1,1,"ASC 3"
"681_1",1,1,"ASC 2"
"682_1",1,1,"ASC 2"
"683_1",1,1,"IgD-ve Memory"
"684_1",1,1,"NAIVE 1"
"685_1",1,1,"NAIVE 2"
"686_1",1,1,"NAIVE 2"
"687_1",1,1,"Cell-Cycling"
"688_1",1,1,"ASC 2"
"689_1",1,1,"NAIVE 1"
"68_1",1,1,"NAIVE 2"
"691_1",1,1,"ASC 3"
"694_1",1,1,"Cell-Cycling"
"695_1",1,1,"ASC 2"
"696_1",1,1,"IgD+ve Memory"
"697_1",1,1,"ASC 2"
"698_1",1,1,"ASC 2"
"699_1",1,1,"ASC 2"
"69_1",1,1,"NAIVE 2"
"6_1",1,1,"NAIVE 2"
"700_1",1,1,"IgD-ve Memory"
"701_1",1,1,"IgD-ve Memory"
"702_2",1,1,"IgD+ve Memory"
"702_3",1,1,"ASC 3"
"702_4",1,1,"IgD+ve Memory"
"704_1",1,1,"ASC 2"
"705_1",1,1,"ASC 2"
"706_1",1,1,"ASC 2"
"707_1",1,1,"NAIVE 2"
"708_1",1,1,"ASC 1"
"709_1",1,1,"ASC 2"
"710_1",1,1,"ASC 2"
"711_1",1,1,"ASC 2"
"712_1",1,1,"IgD+ve Memory"
"713_1",1,1,"IgD-ve Memory"
"715_1",1,1,"IgD+ve Memory"
"716_1",1,1,"IgD+ve Memory"
"717_1",1,1,"ASC 2"
"718_1",1,1,"ASC 2"
"719_1",1,1,"IgD-ve Memory"
"71_1",1,1,"IgD-ve Memory"
"720_1",1,1,"Cell-Cycling"
"721_1",1,1,"IgD+ve Memory"
"723_1",1,1,"IgD+ve Memory"
"724_1",1,1,"ASC 3"
"725_1",1,1,"IgD-ve Memory"
"726_1",1,1,"ASC 2"
"727_1",1,1,"ASC 1"
"728_1",1,1,"IgD+ve Memory"
"72_1",1,1,"ASC 2"
"731_1",1,1,"NAIVE 1"
"732_1",1,1,"IgD-ve Memory"
"733_1",1,1,"IgD+ve Memory"
"734_1",1,1,"NAIVE 2"
"736_2",1,1,"IgD+ve Memory"
"736_3",1,1,"NAIVE 1"
"737_1",1,1,"IgD+ve Memory"
"738_1",1,1,"NAIVE 2"
"739_1",1,1,"IgD+ve Memory"
"73_1",1,1,"IgD-ve Memory"
"740_1",1,1,"DN2"
"744_1",1,1,"IgD+ve Memory"
"745_1",1,1,"IgD+ve Memory"
"746_1",1,1,"ASC 3"
"747_1",1,1,"IgD+ve Memory"
"747_2",1,1,"IgD+ve Memory"
"748_1",1,1,"NAIVE 1"
"749_1",1,1,"IgD+ve Memory"
"74_1",1,1,"NAIVE 1"
"750_1",1,1,"ASC 2"
"752_1",1,1,"ASC 2"
"753_1",1,1,"NAIVE 1"
"754_1",1,1,"ASC 2"
"755_1",1,1,"IgD+ve Memory"
"756_1",1,1,"IgD-ve Memory"
"757_1",1,1,"ASC 3"
"758_1",1,1,"IgD-ve Memory"
"759_1",1,1,"IgD-ve Memory"
"760_1",1,1,"IgD+ve Memory"
"761_1",1,1,"IgD+ve Memory"
"762_1",1,1,"ASC 2"
"763_1",1,1,"ASC 2"
"764_1",1,1,"NAIVE 1"
"765_1",1,1,"HSP+"
"766_1",1,1,"ASC 3"
"767_1",1,1,"NAIVE 1"
"768_1",1,1,"NAIVE 1"
"769_1",1,1,"IgD+ve Memory"
"76_1",1,1,"IgD-ve Memory"
"770_1",1,1,"ASC 2"
"771_1",1,1,"IgD+ve Memory"
"773_1",1,1,"NAIVE 2"
"774_1",1,1,"NAIVE 1"
"775_1",1,1,"ASC 1"
"776_1",1,1,"NAIVE 2"
"778_1",1,1,"ASC 2"
"779_1",1,1,"NAIVE 1"
"77_1",1,1,"NAIVE 2"
"780_1",1,1,"IgD+ve Memory"
"781_1",1,1,"Cell-Cycling"
"782_1",1,1,"ASC 2"
"783_1",1,1,"ASC 2"
"784_1",1,1,"NAIVE 2"
"785_1",1,1,"ASC 2"
"786_1",1,1,"ASC 2"
"787_1",1,1,"ASC 2"
"788_1",1,1,"IgD-ve Memory"
"789_1",1,1,"IgD+ve Memory"
"78_1",1,1,"IgD+ve Memory"
"790_1",1,1,"IgD-ve Memory"
"792_1",1,1,"Early-Activation"
"793_1",1,1,"ASC 2"
"794_1",1,1,"Early-Activation"
"795_1",1,1,"IgD-ve Memory"
"796_1",1,1,"IgD-ve Memory"
"797_1",1,1,"NAIVE 2"
"798_1",1,1,"NAIVE 2"
"799_1",1,1,"ASC 2"
"79_1",1,1,"IgD-ve Memory"
"7_1",1,1,"ASC 2"
"800_1",1,1,"ASC 1"
"801_1",1,1,"ASC 2"
"802_1",1,1,"IgD-ve Memory"
"803_1",1,1,"NAIVE 1"
"804_1",1,1,"Early-Activation"
"805_1",1,1,"ASC 2"
"806_1",1,1,"ASC 2"
"808_1",1,1,"ASC 1"
"809_1",1,1,"IgD-ve Memory"
"811_1",1,1,"NAIVE 2"
"812_1",1,1,"ASC 2"
"813_1",1,1,"NAIVE 1"
"814_1",1,1,"NAIVE 1"
"817_1",1,1,"NAIVE 1"
"818_1",1,1,"HSP+"
"818_2",1,1,"IgD+ve Memory"
"819_1",1,1,"ASC 2"
"81_1",1,1,"ASC 2"
"821_1",1,1,"NAIVE 1"
"822_1",1,1,"NAIVE 2"
"823_1",1,1,"IgD+ve Memory"
"824_1",1,1,"IgD+ve Memory"
"824_2",1,1,"IgD+ve Memory"
"824_3",1,1,"IgD+ve Memory"
"824_4",1,1,"IgD+ve Memory"
"825_1",1,1,"IgD+ve Memory"
"826_1",1,1,"NAIVE 1"
"827_1",1,1,"ASC 2"
"828_1",1,1,"Cell-Cycling"
"829_1",1,1,"ASC 2"
"82_1",1,1,"ASC 2"
"830_1",1,1,"IgD-ve Memory"
"831_1",1,1,"IgD+ve Memory"
"832_1",1,1,"Cell-Cycling"
"833_1",1,1,"ASC 2"
"834_1",1,1,"NAIVE 2"
"835_1",1,1,"IgD+ve Memory"
"836_1",1,1,"ASC 2"
"837_1",1,1,"ASC 2"
"838_1",1,1,"NAIVE 1"
"839_1",1,1,"ASC 2"
"83_1",1,1,"NAIVE 1"
"840_1",1,1,"IgD+ve Memory"
"841_1",1,1,"NAIVE 2"
"842_1",1,1,"NAIVE 2"
"843_1",1,1,"NAIVE 2"
"844_1",1,1,"ASC 2"
"845_1",1,1,"NAIVE 1"
"846_1",1,1,"NAIVE 1"
"847_1",1,1,"IgD+ve Memory"
"849_1",1,1,"NAIVE 2"
"84_1",1,1,"NAIVE 1"
"850_1",1,1,"IgD-ve Memory"
"853_1",1,1,"ASC 2"
"855_1",1,1,"ASC 2"
"856_1",1,1,"IgD-ve Memory"
"857_1",1,1,"NAIVE 1"
"858_1",1,1,"NAIVE 1"
"859_1",1,1,"ASC 2"
"85_1",1,1,"IgD+ve Memory"
"860_1",1,1,"NAIVE 1"
"863_1",1,1,"ASC 2"
"864_1",1,1,"NAIVE 1"
"865_1",1,1,"NAIVE 2"
"867_1",1,1,"ASC 2"
"868_1",1,1,"NAIVE 1"
"869_1",1,1,"ASC 2"
"86_1",1,1,"IgD+ve Memory"
"870_1",1,1,"NAIVE 1"
"871_1",1,1,"ASC 2"
"872_1",1,1,"NAIVE 2"
"873_1",1,1,"IgD+ve Memory"
"875_1",1,1,"NAIVE 1"
"876_1",1,1,"NAIVE 1"
"877_1",1,1,"NAIVE 2"
"878_1",1,1,"NAIVE 2"
"87_1",1,1,"ASC 2"
"880_1",1,1,"DN2"
"882_1",1,1,"ASC 2"
"883_1",1,1,"IgD-ve Memory"
"885_1",1,1,"ASC 2"
"886_1",1,1,"NAIVE 1"
"887_1",1,1,"NAIVE 1"
"888_1",1,1,"ASC 2"
"88_1",1,1,"NAIVE 1"
"890_1",1,1,"IgD+ve Memory"
"891_1",1,1,"NAIVE 2"
"892_1",1,1,"NAIVE 2"
"893_1",1,1,"NAIVE 1"
"895_1",1,1,"ASC 2"
"897_1",1,1,"ASC 2"
"899_1",1,1,"Early-Activation"
"89_1",1,1,"IgD-ve Memory"
"8_1",1,1,"ASC 2"
"900_1",1,1,"IgD-ve Memory"
"901_1",1,1,"IgD-ve Memory"
"902_1",1,1,"ASC 2"
"903_1",1,1,"ASC 2"
"904_1",1,1,"NAIVE 2"
"905_1",1,1,"ASC 2"
"906_1",1,1,"NAIVE 1"
"907_1",1,1,"ASC 2"
"908_1",1,1,"NAIVE 1"
"909_1",1,1,"ASC 2"
"90_1",1,1,"ASC 2"
"910_1",1,1,"NAIVE 2"
"912_1",1,1,"IgD+ve Memory"
"913_1",1,1,"NAIVE 1"
"914_1",1,1,"ASC 2"
"915_1",1,1,"NAIVE 1"
"916_1",1,1,"ASC 2"
"917_1",1,1,"ASC 2"
"918_1",1,1,"NAIVE 1"
"919_1",1,1,"NAIVE 2"
"91_1",1,1,"IgD-ve Memory"
"920_1",1,1,"IgD+ve Memory"
"922_1",1,1,"Early-Activation"
"923_1",1,1,"IgD-ve Memory"
"924_1",1,1,"IgD-ve Memory"
"925_1",1,1,"IgD-ve Memory"
"926_1",1,1,"NAIVE 1"
"927_1",1,1,"ASC 2"
"928_1",1,1,"ASC 2"
"929_1",1,1,"IgD-ve Memory"
"930_1",1,1,"IgD+ve Memory"
"931_1",1,1,"Cell-Cycling"
"932_1",1,1,"ASC 2"
"933_1",1,1,"IgD-ve Memory"
"934_1",1,1,"ASC 2"
"935_1",1,1,"NAIVE 2"
"936_1",1,1,"NAIVE 1"
"937_1",1,1,"NAIVE 1"
"938_1",1,1,"IgD-ve Memory"
"93_1",1,1,"IgD-ve Memory"
"940_1",1,1,"ASC 2"
"941_1",1,1,"IgD-ve Memory"
"942_1",1,1,"IgD-ve Memory"
"943_2",1,1,"ASC 2"
"945_1",1,1,"ASC 2"
"946_1",1,1,"NAIVE 2"
"947_1",1,1,"IgD-ve Memory"
"948_1",1,1,"IgD+ve Memory"
"949_1",1,1,"NAIVE 2"
"94_1",1,1,"ASC 2"
"950_1",1,1,"IgD+ve Memory"
"952_1",1,1,"IgD+ve Memory"
"953_1",1,1,"ASC 2"
"954_1",1,1,"ASC 2"
"955_1",1,1,"ASC 2"
"956_1",1,1,"IgD+ve Memory"
"957_1",1,1,"NAIVE 1"
"958_1",1,1,"ASC 2"
"959_1",1,1,"NAIVE 1"
"960_1",1,1,"IgD-ve Memory"
"961_1",1,1,"DN2"
"962_1",1,1,"IgD+ve Memory"
"963_1",1,1,"ASC 2"
"964_1",1,1,"ASC 2"
"965_1",1,1,"IgD-ve Memory"
"966_1",1,1,"Early-Activation"
"967_1",1,1,"ASC 2"
"968_1",1,1,"IgD+ve Memory"
"969_1",1,1,"ASC 1"
"970_1",1,1,"NAIVE 1"
"971_1",1,1,"DN2"
"972_1",1,1,"IgD+ve Memory"
"973_1",1,1,"ASC 2"
"974_1",1,1,"IgD-ve Memory"
"975_1",1,1,"NAIVE 1"
"977_1",1,1,"ASC 2"
"978_1",1,1,"IgD+ve Memory"
"979_1",1,1,"NAIVE 1"
"981_1",1,1,"IgD-ve Memory"
"982_1",1,1,"IgD-ve Memory"
"983_1",1,1,"IgD+ve Memory"
"983_2",1,1,"ASC 2"
"984_1",1,1,"NAIVE 1"
"986_1",1,1,"ASC 2"
"987_1",1,1,"ASC 2"
"988_1",1,1,"ASC 2"
"98_1",1,1,"NAIVE 1"
"990_1",1,1,"IgD+ve Memory"
"991_1",1,1,"NAIVE 2"
"992_1",1,1,"ASC 2"
"993_1",1,1,"ASC 2"
"994_1",1,1,"IgD+ve Memory"
"995_1",1,1,"ASC 2"
"996_1",1,1,"IgD+ve Memory"
"997_1",1,1,"ASC 2"
"998_1",1,1,"ASC 2"
"999_1",1,1,"ASC 2"
"99_1",1,1,"IgD-ve Memory"
"9_1",1,1,"DN2"
