gene,is_receptor_gene
HSPA6,FALSE
AC233755.2,FALSE
AC233755.1,FALSE
CXCL10,FALSE
AC141272.1,FALSE
DNAAF1,FALSE
CCL3,FALSE
IGHGP,FALSE
LGALSL,FALSE
HSPA1A,FALSE
RRAD,FALSE
RRM2,FALSE
LINC01485,FALSE
APOBEC3A,FALSE
MT2A,FALSE
G0S2,FALSE
CCL4,FALSE
CCN2,FALSE
FBXL22,FALSE
FGL2,FALSE
KCNMA1,FALSE
HIST1H3B,FALSE
HIST1H1B,FALSE
TYROBP,FALSE
RGS13,FALSE
AC135068.2,FALSE
GADD45A,FALSE
HSPA1B,FALSE
HSPB1,FALSE
MT1X,FALSE
AL450992.3,FALSE
RASD1,FALSE
LINC01480,FALSE
GADD45G,FALSE
ODAPH,FALSE
CHAC1,FALSE
CST3,FALSE
MYBL2,FALSE
UBE2C,FALSE
HMGB2,FALSE
AQP3,FALSE
PPP1R2C,FALSE
MKI67,FALSE
STMN1,FALSE
CNTN5,FALSE
SOX4,FALSE
TYMS,FALSE
RASL11A,FALSE
IGLL1,FALSE
AP002852.1,FALSE
PCLAF,FALSE
TCL1A,FALSE
DNAJB1,FALSE
TIMP1,FALSE
CENPF,FALSE
CXCL13,FALSE
FN1,FALSE
RAPGEF5,FALSE
AC005355.1,FALSE
EIF4E,FALSE
GLRX,FALSE
ITGA6,FALSE
CDKN1C,FALSE
INSIG1,FALSE
AC023590.1,FALSE
H1F0,FALSE
ANKRD37,FALSE
DUSP5,FALSE
DCC,FALSE
LINC00221,FALSE
HMGB3,FALSE
H1FX,FALSE
CITED2,FALSE
CXCL9,FALSE
DHRS9,FALSE
TEX14,FALSE
AC136616.2,FALSE
PRPSAP2,FALSE
MIR4435-2HG,FALSE
CYTOR,FALSE
AC002072.1,FALSE
FNDC3B,FALSE
GLA,FALSE
LGALS3,FALSE
AL627171.2,FALSE
BFSP2,FALSE
LPP,FALSE
TK1,FALSE
PRDM1,FALSE
DUSP4,FALSE
PLK1,FALSE
HPGD,FALSE
NMB,FALSE
DDIT4,FALSE
SFRP1,FALSE
CCNB2,FALSE
LINC02642,FALSE
RSAD2,FALSE
TNFRSF17,FALSE
CDC20,FALSE
CCL22,FALSE
ATF3,FALSE
HIST1H4C,FALSE
ERN1,FALSE
ADM,FALSE
HIST1H2BJ,FALSE
HSPA5,FALSE
HIST1H3C,FALSE
NSMCE2,FALSE
HIST1H3J,FALSE
DEPP1,FALSE
PTP4A3,FALSE
AL355881.1,FALSE
PTTG1,FALSE
LINC02362,FALSE
GINS2,FALSE
TRIB1,FALSE
EGR1,FALSE
JSRP1,FALSE
BAG3,FALSE
ID1,FALSE
GPRC5A,FALSE
JCHAIN,FALSE
AC135068.9,FALSE
HOPX,FALSE
NUSAP1,FALSE
OTUD1,FALSE
COL1A2,FALSE
TAF9,FALSE
CDK1,FALSE
PDLIM3,FALSE
SDF2L1,FALSE
SLC8A1,FALSE
PLAUR,FALSE
CLEC2B,FALSE
WARS,FALSE
MYBL1,FALSE
NPTX2,FALSE
KRT18,FALSE
SLAMF7,FALSE
IL6R-AS1,FALSE
BIRC5,FALSE
AC012236.1,FALSE
PJVK,FALSE
MIR155HG,FALSE
DERL3,FALSE
FBXO32,FALSE
GJB2,FALSE
C11orf96,FALSE
DIAPH3,FALSE
MEF2B,FALSE
FKBP11,FALSE
TPX2,FALSE
ZMYND11,FALSE
SGK1,FALSE
IGF1,FALSE
HMGN2,FALSE
STAP1,FALSE
CTSW,FALSE
LINC02506,FALSE
HIST1H2BC,FALSE
IQCG,FALSE
TXNDC5,FALSE
DUSP2,FALSE
SOX5,FALSE
OSBPL3,FALSE
GZMB,FALSE
CCL17,FALSE
CFAP299,FALSE
CXCL8,FALSE
VPREB1,FALSE
CABLES1,FALSE
CNR1,FALSE
ARC,FALSE
CDCA7,FALSE
AC134981.1,FALSE
AL713998.1,FALSE
IL10,FALSE
TOP2A,FALSE
HIST1H1C,FALSE
CAV1,FALSE
AVP,FALSE
FAM30A,FALSE
SRF,FALSE
PRDX4,FALSE
XBP1,FALSE
CDCA8,FALSE
PMCH,FALSE
MYDGF,FALSE
IER3,FALSE
SHCBP1,FALSE
CEP128,FALSE
TMEM19,FALSE
CCDC80,FALSE
MIR181A1HG,FALSE
CCDC144A,FALSE
AL078590.2,FALSE
AC012368.1,FALSE
BCAR3,FALSE
UAP1,FALSE
MT1G,FALSE
APOBEC3B,FALSE
ITM2C,FALSE
MDK,FALSE
SHANK2,FALSE
Z93241.1,FALSE
AURKB,FALSE
ALKAL2,FALSE
PNP,FALSE
GLUL,FALSE
ATF5,FALSE
TUBB,FALSE
CDT1,FALSE
CR936218.1,FALSE
MYO1E,FALSE
CCL4L2,FALSE
SPSB1,FALSE
DHFR,FALSE
GRB7,FALSE
SELPLG,FALSE
CSF1,FALSE
ZBP1,FALSE
AC239799.2,FALSE
CENPU,FALSE
ITM2A,FALSE
PDIA4,FALSE
BAMBI,FALSE
PTGDS,FALSE
MYCL,FALSE
TMEM140,FALSE
AC099342.1,FALSE
HIST1H1D,FALSE
CD38,FALSE
C2CD4A,FALSE
AC026725.1,FALSE
NCALD,FALSE
BMP6,FALSE
FER1L6,FALSE
PDK4,FALSE
Z83844.2,FALSE
NUCB2,FALSE
CLU,FALSE
ISG15,FALSE
MYC,FALSE
CCNA2,FALSE
AC090192.2,FALSE
HM13,FALSE
NRARP,FALSE
AC005682.2,FALSE
RASSF6,FALSE
KIAA1671,FALSE
PLIN5,FALSE
SERPINH1,FALSE
CLIC2,FALSE
UHRF1,FALSE
SUGCT,FALSE
AC124014.1,FALSE
AC105339.3,FALSE
TMEM176B,FALSE
ERLEC1,FALSE
TBC1D4,FALSE
ANKRD28,FALSE
MT1E,FALSE
HIST1H2AE,FALSE
LMO2,FALSE
LAMP5,FALSE
SDC1,FALSE
CD9,FALSE
SEC11C,FALSE
ZWINT,FALSE
PCSK1N,FALSE
ACOXL,FALSE
PHLDA2,FALSE
PHLDA1,FALSE
SSR3,FALSE
HIST1H2AI,FALSE
AL121987.1,FALSE
LINC02689,FALSE
CAMK4,FALSE
AC007952.4,FALSE
TRAF1,FALSE
LINC00309,FALSE
AL356234.2,FALSE
NKG7,FALSE
IQGAP2,FALSE
SPAG4,FALSE
ZNF385B,FALSE
HIST1H2AG,FALSE
BIK,FALSE
WDR33,FALSE
LINC00910,FALSE
BHLHE41,FALSE
CENPA,FALSE
CADM1,FALSE
MANF,FALSE
LHFPL6,FALSE
ASF1B,FALSE
HIST1H3G,FALSE
TNF,FALSE
NCAPG,FALSE
MMP2,FALSE
DEGS1,FALSE
C11orf53,FALSE
RRBP1,FALSE
AC006974.2,FALSE
EDN1,FALSE
PTCH2,FALSE
GRIK4,FALSE
CKS2,FALSE
LINC00571,FALSE
CCND2,FALSE
LINC02576,FALSE
AC026369.3,FALSE
RGS1,FALSE
ASPM,FALSE
HIST1H2AC,FALSE
PRG4,FALSE
MZB1,FALSE
GFRA2,FALSE
CCL5,FALSE
MSI2,FALSE
DUT,FALSE
ACTL10,FALSE
PPIB,FALSE
AICDA,FALSE
CNGA4,FALSE
TNFAIP2,FALSE
LINC00649,FALSE
CTH,FALSE
NAALADL2-AS2,FALSE
AC012447.1,FALSE
TXN,FALSE
NCAPH,FALSE
PEG10,FALSE
TBXAS1,FALSE
AC106882.1,FALSE
GBP1,FALSE
PIM1,FALSE
NEIL1,FALSE
BRIP1,FALSE
ZBTB38,FALSE
PKMYT1,FALSE
CD27,FALSE
ZFAND2A,FALSE
HMCES,FALSE
AC007569.1,FALSE
EFEMP1,FALSE
IL32,FALSE
CCDC88A,FALSE
TIMP3,FALSE
TMEM50B,FALSE
FABP5,FALSE
GAS1,FALSE
SELENOS,FALSE
FAAH2,FALSE
GPR160,FALSE
BCAS2,FALSE
TXNDC15,FALSE
LINC00877,FALSE
AC107982.2,FALSE
CENPE,FALSE
TSHR,FALSE
TBC1D14,FALSE
ZBED2,FALSE
TP63,FALSE
CDK6,FALSE
CHPF,FALSE
ALKBH2,FALSE
PECAM1,FALSE
GAS6,FALSE
GADD45B,FALSE
CDCA3,FALSE
PLCB1,FALSE
CCNB1,FALSE
MGP,FALSE
HOXB2,FALSE
SLAMF1,FALSE
TROAP,FALSE
MOXD1,FALSE
PDE4D,FALSE
SOCS3,FALSE
C15orf48,FALSE
ZNF608,FALSE
LINC02669,FALSE
TXNDC11,FALSE
KIFC1,FALSE
AC131011.1,FALSE
MSC-AS1,FALSE
LMAN1,FALSE
HASPIN,FALSE
KIF20A,FALSE
LINC01353,FALSE
FAM111B,FALSE
LINC00322,FALSE
UCHL1,FALSE
DENND1B,FALSE
ARMH1,FALSE
RAB36,FALSE
PTHLH,FALSE
ACSM3,FALSE
DNAJB9,FALSE
LIME1,FALSE
APOD,FALSE
CPNE3,FALSE
NPW,FALSE
AC099681.1,FALSE
TSHZ2,FALSE
TNFRSF18,FALSE
HIST1H4B,FALSE
MAN1A1,FALSE
AC007785.1,FALSE
CENPM,FALSE
SCNN1B,FALSE
TOR3A,FALSE
CDC45,FALSE
APOBEC3C,FALSE
GTF2E1,FALSE
AP001341.1,FALSE
LIMA1,FALSE
LTA,FALSE
CA2,FALSE
OTUD7A,FALSE
TOX,FALSE
IFNG-AS1,FALSE
TUBB2A,FALSE
DPEP1,FALSE
AREG,FALSE
PARD6G-AS1,FALSE
CDCA2,FALSE
S100A11,FALSE
OVOL1,FALSE
CLSPN,FALSE
RPN2,FALSE
SPARC,FALSE
LDLR,FALSE
CPEB4,FALSE
ZNF804A,FALSE
EBI3,FALSE
LRRC23,FALSE
CDCA5,FALSE
HIST1H4I,FALSE
SPCS3,FALSE
MCM7,FALSE
OSGIN1,FALSE
CADPS2,FALSE
AC009313.1,FALSE
APOE,FALSE
AL513303.1,FALSE
SLC37A1,FALSE
P4HB,FALSE
ICA1,FALSE
GPR15,FALSE
KIF23,FALSE
MYO16,FALSE
CENPW,FALSE
MYL2,FALSE
AC087280.2,FALSE
SELENOM,FALSE
CROCC,FALSE
SRPRB,FALSE
CDH1,FALSE
PLPP5,FALSE
LRMP,FALSE
SRM,FALSE
PELI1,FALSE
POU2AF1,FALSE
SLC7A5,FALSE
AL118516.1,FALSE
TCEAL9,FALSE
PACSIN2,FALSE
ATP8B4,FALSE
DTX1,FALSE
MME,FALSE
MDM2,FALSE
CRIP1,FALSE
CCR1,FALSE
IL23A,FALSE
DDX58,FALSE
INHBA,FALSE
SYNE2,FALSE
GTSE1,FALSE
TMX4,FALSE
TFPI2,FALSE
NPHS1,FALSE
PANO1,FALSE
LINC01010,FALSE
PLCL2,FALSE
MMP7,FALSE
POLQ,FALSE
PPM1E,FALSE
CXorf21,FALSE
OSTC,FALSE
TMEM178B,FALSE
EMP1,FALSE
KMO,FALSE
TXNRD1,FALSE
WFDC2,FALSE
ASS1,FALSE
DTL,FALSE
CDKN3,FALSE
SEL1L,FALSE
MACROD2,FALSE
ID2,FALSE
LINC02029,FALSE
PIM2,FALSE
YAE1,FALSE
TPM4,FALSE
GSTP1,FALSE
LY96,FALSE
PCNA,FALSE
GMDS,FALSE
HELLS,FALSE
IFITM3,FALSE
DNASE1L3,FALSE
LEO1,FALSE
AC246787.2,FALSE
SERPING1,FALSE
HSP90B1,FALSE
STAG3,FALSE
SDK1,FALSE
PRDX2,FALSE
CD59,FALSE
AC005487.1,FALSE
EPOP,FALSE
NDC80,FALSE
CARMIL1,FALSE
NEDD9,FALSE
HSP90AA1,FALSE
LRRC4C,FALSE
HIST1H2AH,FALSE
CST7,FALSE
IGFBP4,FALSE
SGCZ,FALSE
TMC3-AS1,FALSE
AC004083.1,FALSE
RDH10,FALSE
AC011287.1,FALSE
AL589693.1,FALSE
NME1,FALSE
ST3GAL6,FALSE
AC006387.1,FALSE
PDGFA,FALSE
CLPTM1L,FALSE
MAL,FALSE
AC005540.1,FALSE
TP53INP1,FALSE
ANXA2,FALSE
TUBB3,FALSE
KDELR2,FALSE
METTL21A,FALSE
MGLL,FALSE
RSPH4A,FALSE
CHST2,FALSE
C12orf75,FALSE
HDLBP,FALSE
LMNA,FALSE
MAFB,FALSE
LILRB4,FALSE
CCR2,FALSE
PDE3B,FALSE
ORC6,FALSE
AC243960.1,FALSE
SOX9,FALSE
LGALS1,FALSE
AC119673.2,FALSE
LMAN2,FALSE
CKAP2L,FALSE
MCM3,FALSE
GNG12,FALSE
HIST1H2BG,FALSE
GGH,FALSE
NEAT1,FALSE
ADA2,FALSE
CLECL1,FALSE
SAMD11,FALSE
PLA2G2A,FALSE
AL133415.1,FALSE
GLCCI1,FALSE
AC061992.2,FALSE
KRTCAP2,FALSE
LINC02109,FALSE
TRPM4,FALSE
HCAR3,FALSE
RNASE6,FALSE
AL512603.2,FALSE
AC007686.4,FALSE
RGS16,FALSE
KDELR1,FALSE
ICAM2,FALSE
FNDC3A,FALSE
NUF2,FALSE
CSRP1,FALSE
LINC02365,FALSE
RMI2,FALSE
CCDC167,FALSE
HMOX1,FALSE
MAD2L1,FALSE
AL133467.1,FALSE
MEIKIN,FALSE
SPANXA2-OT1,FALSE
FER1L6-AS1,FALSE
AC110620.2,FALSE
AP000893.2,FALSE
LINC01483,FALSE
AL160314.2,FALSE
AL136962.1,FALSE
PROCR,FALSE
GHET1,FALSE
CA8,FALSE
LMNB1,FALSE
LRRC8C,FALSE
PLA2G2D,FALSE
CDH3,FALSE
AC009315.1,FALSE
ITGAX,FALSE
AC080129.1,FALSE
SEC24A,FALSE
IL2RA,FALSE
LDHC,FALSE
LOXL2,FALSE
SPATA17,FALSE
CMSS1,FALSE
EPB41L1,FALSE
MAFF,FALSE
RASGRP3,FALSE
EIF2AK4,FALSE
STEAP1B,FALSE
ENC1,FALSE
MAML3,FALSE
ARSA,FALSE
PDIA6,FALSE
AL450326.1,FALSE
LUCAT1,FALSE
ST6GALNAC3,FALSE
CEP72,FALSE
SMC4,FALSE
BUB1,FALSE
IDH2,FALSE
TUBB2B,FALSE
AMPD3,FALSE
HSPH1,FALSE
HIST1H2BO,FALSE
AC010186.1,FALSE
PHPT1,FALSE
IL6,FALSE
NEK2,FALSE
HIST1H2BK,FALSE
KCNN3,FALSE
BLVRB,FALSE
TMEM220-AS1,FALSE
UPP1,FALSE
TECR,FALSE
TIFA,FALSE
AL139020.1,FALSE
MEI1,FALSE
KIF14,FALSE
TSBP1,FALSE
CLEC3B,FALSE
TGFB3,FALSE
AP002008.3,FALSE
SERPINA9,FALSE
ESR2,FALSE
TMEM107,FALSE
IFI6,FALSE
AC016907.2,FALSE
WNT16,FALSE
SSBP2,FALSE
AL021155.5,FALSE
SLC38A5,FALSE
LINC01277,FALSE
CRELD2,FALSE
AC092546.1,FALSE
HIST1H4F,FALSE
PLEK,FALSE
PCLO,FALSE
ODF1,FALSE
DNMT1,FALSE
AC093865.1,FALSE
LTC4S,FALSE
ALG5,FALSE
PDZRN3,FALSE
AC008014.1,FALSE
AC079760.2,FALSE
FEN1,FALSE
NEFH,FALSE
HIST1H2AJ,FALSE
SORL1,FALSE
AIM2,FALSE
SEC61A1,FALSE
AC245014.3,FALSE
KHDRBS3,FALSE
CEP55,FALSE
DLGAP5,FALSE
PHGDH,FALSE
TNFAIP3,FALSE
AC253572.2,FALSE
NET1,FALSE
ATAD2,FALSE
E2F8,FALSE
AL078604.4,FALSE
AC104699.1,FALSE
SHROOM3,FALSE
NRG2,FALSE
RUNX1,FALSE
GCHFR,FALSE
CFLAR,FALSE
ZNF695,FALSE
CDC6,FALSE
UQCRQ,FALSE
SPINK2,FALSE
RTKN2,FALSE
HCST,FALSE
FKBP2,FALSE
ABCB9,FALSE
CCR10,FALSE
EIF4A3,FALSE
ICAM1,FALSE
PPT2,FALSE
HMGA1,FALSE
AC124248.2,FALSE
ZCCHC12,FALSE
BSCL2,FALSE
GABARAPL1,FALSE
SEC24D,FALSE
CDKN1A,FALSE
NXPE4,FALSE
DCN,FALSE
EEPD1,FALSE
ABRACL,FALSE
PPARGC1A,FALSE
LINC01876,FALSE
HIST1H1A,FALSE
ABHD5,FALSE
LINC00276,FALSE
AL138963.4,FALSE
TIAM2,FALSE
RAB30,FALSE
BLM,FALSE
TMEM59,FALSE
IFI27L1,FALSE
SLC44A1,FALSE
AGR2,FALSE
HIPK2,FALSE
DNAJB4,FALSE
ELL3,FALSE
PLTP,FALSE
LINC02055,FALSE
HCG9,FALSE
ZNF185,FALSE
LINC01991,FALSE
ERGIC3,FALSE
DNAJC1,FALSE
MIXL1,FALSE
NLK,FALSE
CNTN4,FALSE
SPCS1,FALSE
SESN1,FALSE
LRRC26,FALSE
KIFC3,FALSE
AC010343.3,FALSE
S100A4,FALSE
DDOST,FALSE
GK,FALSE
SHBG,FALSE
AC009522.1,FALSE
MAGI3,FALSE
ESR1,FALSE
SMAD1,FALSE
BUB1B,FALSE
BCL2L11,FALSE
HIST1H4H,FALSE
H2AFY,FALSE
EXO1,FALSE
AC011498.1,FALSE
AC022509.3,FALSE
PGAP1,FALSE
AC073655.3,FALSE
TPST2,FALSE
ID3,FALSE
STBD1,FALSE
SFRP2,FALSE
RUNX2,FALSE
HSBP1,FALSE
STARD5,FALSE
ATP1B2,FALSE
TMEM258,FALSE
CREB3L2,FALSE
CFAP54,FALSE
SLC1A1,FALSE
MND1,FALSE
ZP3,FALSE
DAD1,FALSE
FAM92B,FALSE
PFKFB3,FALSE
IL6R,FALSE
RASGRF2,FALSE
PCDH9,FALSE
DCAF12,FALSE
EXT1,FALSE
ARNTL2,FALSE
HDAC9,FALSE
PIK3CG,FALSE
AL136987.1,FALSE
ZNF215,FALSE
TDRKH-AS1,FALSE
LTBP1,FALSE
ACY3,FALSE
EHD1,FALSE
TIMP2,FALSE
AL161665.2,FALSE
ATXN1,FALSE
GFPT2,FALSE
SPC25,FALSE
CDK2AP2,FALSE
AFF2,FALSE
FBXL8,FALSE
PDE4C,FALSE
IGF2BP3,FALSE
STX11,FALSE
NPPC,FALSE
TMEM238,FALSE
MCTP2,FALSE
HIST1H2BM,FALSE
TESC,FALSE
NCS1,FALSE
TRIM55,FALSE
SERPINE1,FALSE
HRK,FALSE
DNAJC3-DT,FALSE
ATAD5,FALSE
MANEA,FALSE
CALM3,FALSE
LINC01943,FALSE
LINC00632,FALSE
MRPS6,FALSE
HIST1H3A,FALSE
ESCO2,FALSE
SYAP1,FALSE
RDM1,FALSE
NR6A1,FALSE
AC010996.1,FALSE
AC010275.1,FALSE
TMEM208,FALSE
XACT,FALSE
AC078883.1,FALSE
DLGAP1,FALSE
BIRC3,FALSE
PIK3R3,FALSE
BAIAP2L1,FALSE
TANC1,FALSE
AL355075.4,FALSE
EZH2,FALSE
GAB1,FALSE
KIF11,FALSE
CCNI2,FALSE
C2CD3,FALSE
B4GALT7,FALSE
ARHGAP42,FALSE
CHID1,FALSE
AC016831.7,FALSE
ARHGAP26,FALSE
GCSAM,FALSE
PDGFD,FALSE
PDK1,FALSE
AC007991.3,FALSE
LINC01182,FALSE
KIF4A,FALSE
MATN1,FALSE
CENPP,FALSE
CCPG1,FALSE
PAPSS2,FALSE
DENND6A-DT,FALSE
AC015849.1,FALSE
RPS27L,FALSE
AC092068.2,FALSE
CXXC5,FALSE
DLL4,FALSE
TAS1R3,FALSE
TNFSF10,FALSE
LANCL2,FALSE
SMPDL3B,FALSE
HIST1H2BF,FALSE
ARHGAP23,FALSE
NDUFAF6,FALSE
CERS6,FALSE
A4GALT,FALSE
SCAPER,FALSE
SSTR2,FALSE
PLA2G4C,FALSE
BCL7A,FALSE
CD86,FALSE
PSME2,FALSE
MCM10,FALSE
CERCAM,FALSE
S100A6,FALSE
PLD3,FALSE
RAD51AP1,FALSE
HIP1,FALSE
LINC02384,FALSE
TMED9,FALSE
SUB1,FALSE
SEC13,FALSE
ELL2,FALSE
CCDC200,FALSE
KIF2C,FALSE
AC016168.2,FALSE
LINC02137,FALSE
HBD,FALSE
CTHRC1,FALSE
PAIP2B,FALSE
RNGTT,FALSE
HIST1H2BB,FALSE
ARG2,FALSE
OSR2,FALSE
HIST2H2AA4,FALSE
LINC01340,FALSE
COL6A3,FALSE
ART3,FALSE
ERVMER61-1,FALSE
EPN2-AS1,FALSE
CCSER1,FALSE
BX284613.2,FALSE
FAM13A,FALSE
MMP23B,FALSE
MLEC,FALSE
EGR2,FALSE
AC083870.1,FALSE
NEDD4L,FALSE
P2RY8,FALSE
QPCT,FALSE
PXDNL,FALSE
PHEX,FALSE
FOXI3,FALSE
NINJ1,FALSE
HIST1H3H,FALSE
GRAMD2B,FALSE
HES4,FALSE
MTHFD2,FALSE
TAPBPL,FALSE
CUBN,FALSE
SIL1,FALSE
ALPL,FALSE
CTNNAL1,FALSE
PRSS21,FALSE
AF165147.1,FALSE
LINC01275,FALSE
GUCY1A1,FALSE
ODF3B,FALSE
CALU,FALSE
LGR4,FALSE
AL109840.2,FALSE
SLCO3A1,FALSE
SEC61G,FALSE
FASTKD1,FALSE
E2F1,FALSE
LINC02099,FALSE
CLEC2D,FALSE
HIST1H3D,FALSE
ALPK1,FALSE
AC087623.2,FALSE
AC090559.1,FALSE
MCM4,FALSE
ADTRP,FALSE
NPC2,FALSE
BTD,FALSE
MIR22HG,FALSE
SLC39A7,FALSE
NIBAN1,FALSE
NDUFC2,FALSE
AC119674.1,FALSE
CCNE2,FALSE
ATP8A1,FALSE
AL590550.1,FALSE
KANK2,FALSE
H2AFV,FALSE
SYBU,FALSE
CAMK2N2,FALSE
AURKA,FALSE
LINC01320,FALSE
ABTB2,FALSE
PHF19,FALSE
GLDC,FALSE
DNAJC3,FALSE
AL117329.1,FALSE
AC011611.3,FALSE
ATP1B1,FALSE
DMD,FALSE
AC025171.3,FALSE
GEM,FALSE
NUGGC,FALSE
SLC2A5,FALSE
ZYG11A,FALSE
SERPINB1,FALSE
SYNM,FALSE
AL079338.1,FALSE
AF196972.1,FALSE
HES6,FALSE
PRKCG,FALSE
ATRAID,FALSE
KNL1,FALSE
GPR18,FALSE
FANCI,FALSE
HIST2H2BF,FALSE
FBXO30,FALSE
DLGAP2,FALSE
LINC02842,FALSE
PTPRM,FALSE
ATP5MC1,FALSE
BCL2A1,FALSE
HYOU1,FALSE
POLA1,FALSE
AL117381.1,FALSE
ATP2B4,FALSE
FOXM1,FALSE
PIK3R5,FALSE
C2orf42,FALSE
HIST1H2AL,FALSE
LCP1,FALSE
HIST1H3F,FALSE
BLNK,FALSE
MBIP,FALSE
FILIP1L,FALSE
RBMS3,FALSE
AC109454.3,FALSE
VEGFA,FALSE
CASP3,FALSE
F3,FALSE
TPM2,FALSE
HYMAI,FALSE
CCL3L1,FALSE
FCRL5,FALSE
H2AFJ,FALSE
NOX3,FALSE
MGAT2,FALSE
HSD17B8,FALSE
QPRT,FALSE
CNPY2,FALSE
TSC22D1,FALSE
HILPDA,FALSE
RRP12,FALSE
PPP1R14A,FALSE
GYG1,FALSE
NUP210,FALSE
AL136441.1,FALSE
GNG3,FALSE
AC008147.1,FALSE
MIR503HG,FALSE
SLC35B1,FALSE
TYMP,FALSE
CREB5,FALSE
RRM1,FALSE
GPC5,FALSE
DSTN,FALSE
ROR1,FALSE
PDCD1,FALSE
IQCD,FALSE
DEF8,FALSE
MANEA-DT,FALSE
CHAF1A,FALSE
TNFAIP8L3,FALSE
TRIO,FALSE
NDRG1,FALSE
YIF1B,FALSE
GAS7,FALSE
MCU,FALSE
MLKL,FALSE
CANX,FALSE
AC016074.2,FALSE
AC104248.1,FALSE
KLK1,FALSE
HERPUD1,FALSE
EYA2,FALSE
AC024619.3,FALSE
AC022498.1,FALSE
AC104170.1,FALSE
RGS6,FALSE
IFNG,FALSE
FUCA2,FALSE
NANS,FALSE
AC092053.2,FALSE
TMPRSS9,FALSE
TNIK,FALSE
MIR3681HG,FALSE
UACA,FALSE
SKA3,FALSE
FBXW7,FALSE
CPM,FALSE
CD96,FALSE
CEBPB,FALSE
AC015912.3,FALSE
TTLL7,FALSE
REEP5,FALSE
AC079163.2,FALSE
BASP1,FALSE
STT3A,FALSE
SMIM24,FALSE
CRISPLD2,FALSE
CDKN2C,FALSE
NDUFB7,FALSE
PIF1,FALSE
IL21R,FALSE
HES1,FALSE
CFL2,FALSE
PGM3,FALSE
IER5L,FALSE
CDC42EP2,FALSE
NIF3L1,FALSE
ZBTB20-AS5,FALSE
AC002460.2,FALSE
XKR8,FALSE
ACTG1,FALSE
SEC14L1,FALSE
TTC39C,FALSE
HIST3H2A,FALSE
MIR646HG,FALSE
GPRC5D,FALSE
PBK,FALSE
CT69,FALSE
ECT2,FALSE
Z95115.2,FALSE
TNFSF11,FALSE
PRC1,FALSE
SPATS2,FALSE
GMPPB,FALSE
TDRD15,FALSE
B3GNT5,FALSE
NLRP14,FALSE
EAF2,FALSE
KCNK12,FALSE
P2RX1,FALSE
AKR1A1,FALSE
FSCN1,FALSE
KIF3C,FALSE
LINC01208,FALSE
PRDX3,FALSE
RPN1,FALSE
GNG8,FALSE
CDC25A,FALSE
DDR2,FALSE
FUT7,FALSE
LRRC59,FALSE
TBC1D9,FALSE
PAPSS1,FALSE
AC009309.1,FALSE
SOCS1,FALSE
PCBP3,FALSE
FAM89B,FALSE
C10orf105,FALSE
RFTN1,FALSE
GPAT3,FALSE
SYTL2,FALSE
OASL,FALSE
LINC02227,FALSE
LINC02245,FALSE
ZNF165,FALSE
NT5DC2,FALSE
HJURP,FALSE
PCOLCE,FALSE
SMC2,FALSE
WWOX,FALSE
MRPS24,FALSE
PRDX5,FALSE
COPE,FALSE
AC008937.1,FALSE
PDXK,FALSE
IRF4,FALSE
B9D1,FALSE
GALK2,FALSE
CKAP4,FALSE
DPM3,FALSE
TVP23A,FALSE
MRPS31,FALSE
AL354707.1,FALSE
ADAM23,FALSE
CRYBA4,FALSE
INPP5F,FALSE
FANCA,FALSE
NUDT1,FALSE
SPRY1,FALSE
YIPF3,FALSE
AC110491.3,FALSE
IQSEC3,FALSE
CTLA4,FALSE
TMEM131L,FALSE
TTK,FALSE
NDUFA4L2,FALSE
HIST1H2BD,FALSE
AC012629.2,FALSE
RGS7,FALSE
PKIA-AS1,FALSE
SLC1A4,FALSE
LINC02456,FALSE
CNTLN,FALSE
TMEM156,FALSE
ABHD3,FALSE
U91328.2,FALSE
ABHD14A,FALSE
ANLN,FALSE
GLRX5,FALSE
AKAP1,FALSE
LINC01781,FALSE
CADPS,FALSE
GALNT2,FALSE
NDUFA7,FALSE
TRAM1,FALSE
KAZN,FALSE
RABAC1,FALSE
UBE2J1,FALSE
MTRNR2L8,FALSE
FCRL4,FALSE
AC009292.2,FALSE
TMEM176A,FALSE
TMEM205,FALSE
TIMD4,FALSE
UCP3,FALSE
AC105402.3,FALSE
AC130888.1,FALSE
AL391056.1,FALSE
RNF213,FALSE
IKZF2,FALSE
WNT5B,FALSE
PAG1,FALSE
BHLHA15,FALSE
MAGED1,FALSE
MLF1,FALSE
MGAT1,FALSE
U62317.4,FALSE
TUBB6,FALSE
DLG2,FALSE
AKAP12,FALSE
KLHL6,FALSE
NR4A3,FALSE
LAX1,FALSE
KYNU,FALSE
AGAP1,FALSE
LINC01887,FALSE
ACPP,FALSE
CIT,FALSE
AC068051.1,FALSE
GPRIN3,FALSE
AC018754.1,FALSE
ATOX1,FALSE
FAS,FALSE
NCAPG2,FALSE
FOXO3,FALSE
ABI3BP,FALSE
OS9,FALSE
CTSD,FALSE
CRIM1,FALSE
FOXJ1,FALSE
SORBS2,FALSE
BRCA1,FALSE
AC245100.1,FALSE
C2CD4D,FALSE
AL109806.2,FALSE
DEPDC1,FALSE
DOCK4,FALSE
MRPS34,FALSE
ADAMTSL4-AS1,FALSE
TNFRSF12A,FALSE
CLIC5,FALSE
CXCR3,FALSE
AC126696.3,FALSE
AL031289.1,FALSE
SATB2,FALSE
GJA3,FALSE
HID1,FALSE
IFNAR2,FALSE
MREG,FALSE
AC105227.1,FALSE
DLEU2,FALSE
AC018462.1,FALSE
S100A13,FALSE
RHEX,FALSE
RAD51,FALSE
AUTS2,FALSE
SSPN,FALSE
SLC13A1,FALSE
TBCEL,FALSE
METTL7A,FALSE
SQSTM1,FALSE
CHODL,FALSE
TOX2,FALSE
BTBD3,FALSE
NEIL3,FALSE
CAMK1,FALSE
APOL6,FALSE
CD226,FALSE
AC124248.1,FALSE
RCN1,FALSE
SSR1,FALSE
C16orf54,FALSE
DNAJB11,FALSE
DENND2C,FALSE
LHFPL2,FALSE
AL691403.1,FALSE
HIST1H2AB,FALSE
SCO2,FALSE
CLIC4,FALSE
TTC28,FALSE
MTUS2,FALSE
KCNA2,FALSE
ARL4D,FALSE
PCAT6,FALSE
ALDH1L2,FALSE
LRRC32,FALSE
AC083862.3,FALSE
TFEC,FALSE
GUSB,FALSE
POLB,FALSE
WDR76,FALSE
UPB1,FALSE
ARL4C,FALSE
FAM214A,FALSE
HINT2,FALSE
SGO1-AS1,FALSE
TTC23,FALSE
SPRED2,FALSE
KLF4,FALSE
IER3IP1,FALSE
NKILA,FALSE
STIL,FALSE
GBP5,FALSE
EIF2AK3-DT,FALSE
ALG3,FALSE
E2F7,FALSE
AC005699.1,FALSE
SYT1,FALSE
PRKACB,FALSE
NRP2,FALSE
KCNQ5,FALSE
SEMA4A,FALSE
RBPMS,FALSE
OTULIN,FALSE
DST,FALSE
AP001631.2,FALSE
SLC25A19,FALSE
DDIT4-AS1,FALSE
NDUFAF3,FALSE
NCAPD2,FALSE
YIF1A,FALSE
PAICS,FALSE
PNOC,FALSE
FBN1,FALSE
AC007319.1,FALSE
TCN2,FALSE
C2orf88,FALSE
DOK4,FALSE
GBP2,FALSE
ACADVL,FALSE
IL1RN,FALSE
DIO2,FALSE
EBF1,FALSE
KIF22,FALSE
GPHN,FALSE
LSAMP,FALSE
EDEM2,FALSE
AL358472.2,FALSE
C5orf47,FALSE
ANXA1,FALSE
TSPAN9,FALSE
AC069503.1,FALSE
AC092145.1,FALSE
FRGCA,FALSE
EDA,FALSE
SCN3A,FALSE
ABCA6,FALSE
LMNB1-DT,FALSE
LAMP2,FALSE
LMCD1,FALSE
LINC01934,FALSE
ANXA5,FALSE
NT5C2,FALSE
KLF5,FALSE
NRCAM,FALSE
DAPK1,FALSE
ITPR2,FALSE
AC022868.2,FALSE
AC021979.1,FALSE
AC106028.4,FALSE
ENTPD1,FALSE
EVC2,FALSE
Z93930.2,FALSE
CHEK1,FALSE
SH3PXD2A,FALSE
AC074212.1,FALSE
AK6,FALSE
COMTD1,FALSE
MELK,FALSE
LRRFIP2,FALSE
FADS1,FALSE
GRHPR,FALSE
PRKAR2B,FALSE
LINC01055,FALSE
HSPA13,FALSE
MYEOV,FALSE
PBX4,FALSE
TPRG1,FALSE
TP53I3,FALSE
OAS1,FALSE
SKA1,FALSE
BHLHE40,FALSE
COCH,FALSE
PPIF,FALSE
CPNE8,FALSE
PAM,FALSE
PART1,FALSE
BEX3,FALSE
DUSP6,FALSE
MIR193BHG,FALSE
S100A10,FALSE
ERC2,FALSE
CDKN2B,FALSE
NUAK2,FALSE
C3orf70,FALSE
BEX1,FALSE
AC024940.1,FALSE
DNA2,FALSE
LINC01226,FALSE
VASH2,FALSE
FOXA3,FALSE
SSR4,FALSE
BICDL1,FALSE
FAM81A,FALSE
NINJ2,FALSE
IL4I1,FALSE
BCAS1,FALSE
ARF4,FALSE
AC018742.1,FALSE
TCL6,FALSE
ARMC2,FALSE
SLC5A3,FALSE
JDP2,FALSE
LARGE1,FALSE
BRSK1,FALSE
CD79B,FALSE
LINC02161,FALSE
SAR1B,FALSE
VKORC1,FALSE
AC005083.1,FALSE
PYCR1,FALSE
EGFL8,FALSE
CCR5,FALSE
HGF,FALSE
CAVIN3,FALSE
RPGRIP1,FALSE
FP671120.4,FALSE
NCEH1,FALSE
AC103591.3,FALSE
HIST2H2AB,FALSE
SCARB1,FALSE
AP000317.1,FALSE
BCL6,FALSE
ENPP2,FALSE
P2RX5,FALSE
LINC01033,FALSE
AC073167.1,FALSE
MARCKSL1,FALSE
WIPI1,FALSE
ATP9A,FALSE
AL158168.1,FALSE
KIF15,FALSE
ANKRD36B,FALSE
RAB40B,FALSE
TNFSF9,FALSE
USP53,FALSE
KIF18B,FALSE
MAMLD1,FALSE
ACVR1C,FALSE
FGD4,FALSE
CAMK2D,FALSE
SLC25A4,FALSE
PUS10,FALSE
DGKI,FALSE
PPA1,FALSE
MAST2,FALSE
SLC17A9,FALSE
DEPDC1B,FALSE
MOCOS,FALSE
DOCK9,FALSE
TMEM200A,FALSE
ST6GAL1,FALSE
UBE2H,FALSE
SLC44A5,FALSE
FAM43A,FALSE
TNFSF8,FALSE
LINC01554,FALSE
KCNQ1OT1,FALSE
IL5RA,FALSE
CERNA2,FALSE
CD200,FALSE
LINC02363,FALSE
GNA15,FALSE
DISC1FP1,FALSE
PRELID1,FALSE
ITGB8,FALSE
LRP1,FALSE
AC104041.1,FALSE
NAMPT,FALSE
MEF2C-AS1,FALSE
INSIG2,FALSE
LINC00158,FALSE
TMEM147,FALSE
NENF,FALSE
RBBP4,FALSE
PVT1,FALSE
PTGER4,FALSE
MORC4,FALSE
GBP3,FALSE
FHIT,FALSE
IL17RB,FALSE
AC008649.2,FALSE
PLEKHA5,FALSE
RELT,FALSE
ATP10B,FALSE
AC025437.4,FALSE
AC090125.1,FALSE
PSAT1,FALSE
CPNE5,FALSE
BRI3BP,FALSE
DOCK10,FALSE
EYA3,FALSE
TTN,FALSE
EGR3,FALSE
LINC01013,FALSE
PLPP2,FALSE
AC011447.3,FALSE
ATG5,FALSE
MRPL51,FALSE
AFF1,FALSE
PITPNC1,FALSE
IL4R,FALSE
ITGB7,FALSE
LINC02427,FALSE
ISOC2,FALSE
EDNRB-AS1,FALSE
CCDC121,FALSE
LINC00707,FALSE
THEMIS2,FALSE
UBQLN2,FALSE
CUTA,FALSE
IFITM1,FALSE
NRGN,FALSE
NDUFS8,FALSE
BEX5,FALSE
CEMIP,FALSE
TMEM252-DT,FALSE
AL390957.1,FALSE
NAV2,FALSE
MYO1D,FALSE
PARM1,FALSE
MCEMP1,FALSE
SV2C,FALSE
LAP3,FALSE
JPT1,FALSE
TIGIT,FALSE
DERL1,FALSE
JMY,FALSE
MCM6,FALSE
KPNA2,FALSE
PERP,FALSE
CENPK,FALSE
AC022509.5,FALSE
STAT1,FALSE
CENPN,FALSE
BST2,FALSE
LINC01484,FALSE
AIF1,FALSE
PLK3,FALSE
NR4A1,FALSE
Z95118.2,FALSE
UPK3A,FALSE
AC090579.1,FALSE
PXMP2,FALSE
ST6GALNAC4,FALSE
TXNDC17,FALSE
FCER2,FALSE
CEACAM21,FALSE
SLC22A31,FALSE
ARHGAP6,FALSE
WNT11,FALSE
FKBP1A,FALSE
KLHL14,FALSE
NMRK1,FALSE
TFDP1,FALSE
RANBP1,FALSE
AL163973.2,FALSE
LINC01435,FALSE
ATP5IF1,FALSE
GALNTL6,FALSE
HTR3A,FALSE
CCDC88C,FALSE
MSC,FALSE
HIST2H2AC,FALSE
VPREB3,FALSE
TRAM2-AS1,FALSE
PLAAT3,FALSE
GTF2A1,FALSE
ICAM4,FALSE
YIPF2,FALSE
AL162253.2,FALSE
VSIR,FALSE
RSPH1,FALSE
NTNG1,FALSE
ENO1,FALSE
SAMD12-AS1,FALSE
LINC00870,FALSE
NAA38,FALSE
FSTL4,FALSE
VGF,FALSE
JAG1,FALSE
MDH1B,FALSE
PLAAT2,FALSE
AC079385.1,FALSE
AC131009.1,FALSE
NUDT13,FALSE
SELL,FALSE
ARPC1B,FALSE
SPCS2,FALSE
AL157394.3,FALSE
KANK1,FALSE
ARHGAP32,FALSE
TNFRSF4,FALSE
MYRIP,FALSE
AC089983.1,FALSE
RFC4,FALSE
PKHD1L1,FALSE
FKBP14,FALSE
TGFBR3L,FALSE
ABR,FALSE
COPG1,FALSE
KCNN4,FALSE
SUSD3,FALSE
PGAM2,FALSE
AC012413.1,FALSE
LINC01607,FALSE
JPH3,FALSE
STAC2,FALSE
LINC00658,FALSE
TNNI3K,FALSE
P2RY13,FALSE
BMP3,FALSE
AC084871.3,FALSE
SCIN,FALSE
NID2,FALSE
AL121899.1,FALSE
TXK,FALSE
COBLL1,FALSE
NDUFAB1,FALSE
NDUFB3,FALSE
TMEM14C,FALSE
MICALL2,FALSE
ANXA2R,FALSE
IDO1,FALSE
F2R,FALSE
RFC3,FALSE
VNN2,FALSE
GBE1,FALSE
DANCR,FALSE
EHMT1,FALSE
TWISTNB,FALSE
RAB27A,FALSE
ABCC4,FALSE
ZACN,FALSE
LINC02694,FALSE
TANK,FALSE
HDAC1,FALSE
SLC1A5,FALSE
AL078459.1,FALSE
LMTK3,FALSE
MED29,FALSE
MFHAS1,FALSE
SLC9A1,FALSE
LIX1-AS1,FALSE
ANKRD33B,FALSE
DAPP1,FALSE
COL19A1,FALSE
MAGEH1,FALSE
SLCO5A1,FALSE
SETX,FALSE
CD1C,FALSE
AP000696.2,FALSE
AC002429.2,FALSE
MBOAT2,FALSE
CCDC68,FALSE
REXO2,FALSE
AP000692.2,FALSE
NPIPB11,FALSE
ATP5PF,FALSE
NEXMIF,FALSE
NPIPB2,FALSE
PSMB5,FALSE
SERPINI1,FALSE
C4orf46,FALSE
AGA,FALSE
GIPC2,FALSE
PIEZO2,FALSE
NRG3,FALSE
XIST,FALSE
PPM1L,FALSE
IFI27L2,FALSE
CD22,FALSE
ANAPC11,FALSE
FUT8,FALSE
CORO1A,FALSE
FAM71A,FALSE
TFAP2C,FALSE
MIR3945HG,FALSE
CSTB,FALSE
MTCL1,FALSE
METRN,FALSE
IL7,FALSE
PRRC1,FALSE
GLIPR1,FALSE
CCDC138,FALSE
SLCO4A1,FALSE
AC011997.1,FALSE
AC034195.1,FALSE
FAM174B,FALSE
PRRG4,FALSE
SCGB2B2,FALSE
MDFIC,FALSE
KLRK1,FALSE
SLC20A1,FALSE
ZBTB16,FALSE
NPY,FALSE
GACAT2,FALSE
ARL1,FALSE
PRKCA,FALSE
DCPS,FALSE
CLCA4-AS1,FALSE
TNFSF4,FALSE
COL6A1,FALSE
BATF,FALSE
DPAGT1,FALSE
KDELR3,FALSE
HS2ST1,FALSE
IGFLR1,FALSE
SPAG5,FALSE
AC116366.2,FALSE
PELO,FALSE
ACTN4,FALSE
CD68,FALSE
PPCDC,FALSE
HOTAIRM1,FALSE
CDKN2A,FALSE
RGS2,FALSE
PCDH12,FALSE
AC092112.1,FALSE
GLUD1,FALSE
MUC20,FALSE
CSRP2,FALSE
OSM,FALSE
SLC7A11,FALSE
SEC61B,FALSE
STXBP5L,FALSE
SPATA18,FALSE
AC243829.4,FALSE
NKAPL,FALSE
NTRK2,FALSE
C6orf120,FALSE
AC091271.1,FALSE
PAQR4,FALSE
SUCLG2-AS1,FALSE
PTMS,FALSE
GMDS-DT,FALSE
NEB,FALSE
PTCHD1-AS,FALSE
GNAL,FALSE
PPP1R9A,FALSE
SMARCA4,FALSE
AC005808.1,FALSE
AC003991.1,FALSE
PDCD5,FALSE
TEX9,FALSE
TSPAN13,FALSE
HIST1H1E,FALSE
PIK3CD,FALSE
AL596214.1,FALSE
CCDC191,FALSE
IFT20,FALSE
MPST,FALSE
OPTN,FALSE
KIF19,FALSE
RTTN,FALSE
EFNA1,FALSE
NMNAT3,FALSE
MIR222HG,FALSE
APOLD1,FALSE
SPHK1,FALSE
FCRL3,FALSE
AC079142.1,FALSE
ADAM19,FALSE
KCNK6,FALSE
PIK3R6,FALSE
PEX5,FALSE
PCNX1,FALSE
LINC01719,FALSE
AC104590.1,FALSE
SHTN1,FALSE
PSTPIP2,FALSE
ROBO1,FALSE
CBLB,FALSE
CCDC15,FALSE
SYVN1,FALSE
CEP97,FALSE
PSENEN,FALSE
ACP5,FALSE
SKA2,FALSE
MID1IP1,FALSE
SLC9A9,FALSE
AL050309.1,FALSE
TAF4B,FALSE
ITGA8,FALSE
DRAM1,FALSE
ASF1A,FALSE
EPAS1,FALSE
HIST2H2BE,FALSE
SMYD3,FALSE
NAV1,FALSE
LARP1B,FALSE
TSPO,FALSE
TUBA4A,FALSE
RER1,FALSE
AC108879.1,FALSE
NSD2,FALSE
SHOX2,FALSE
AC091114.1,FALSE
AC021678.2,FALSE
VCPKMT,FALSE
GOT2,FALSE
KISS1R,FALSE
PIP5K1B,FALSE
GPR137B,FALSE
GMPPA,FALSE
UBALD2,FALSE
SLC3A2,FALSE
TMED10,FALSE
LINC01703,FALSE
AL031666.3,FALSE
IQCC,FALSE
FHL2,FALSE
FRMD6,FALSE
ASTL,FALSE
SIT1,FALSE
BTG2,FALSE
ASB2,FALSE
AL591846.2,FALSE
CAMK2B,FALSE
PTGDR,FALSE
NHSL2,FALSE
TMED2,FALSE
UNG,FALSE
RHOB,FALSE
NCOA7,FALSE
HMMR,FALSE
ANG,FALSE
PLIN3,FALSE
BFSP2-AS1,FALSE
LINC00525,FALSE
SGO1,FALSE
BID,FALSE
MAP3K13,FALSE
GMNN,FALSE
PRDM5,FALSE
TRPS1,FALSE
AL592429.2,FALSE
VAMP5,FALSE
PHACTR1,FALSE
FBXO5,FALSE
S1PR2,FALSE
TRG-AS1,FALSE
TMEM163,FALSE
ZNF829,FALSE
PLD4,FALSE
H1FX-AS1,FALSE
INPP4A,FALSE
NXPE3,FALSE
CORO1C,FALSE
KCTD12,FALSE
AC068286.2,FALSE
GRB14,FALSE
IGF2BP2,FALSE
AC068295.1,FALSE
CPE,FALSE
CYP2E1,FALSE
LINC02327,FALSE
FDPS,FALSE
IL13RA1,FALSE
DNPH1,FALSE
SCLT1,FALSE
BTBD9,FALSE
SPTBN4,FALSE
PKM,FALSE
DTYMK,FALSE
COX5A,FALSE
NUCB1,FALSE
ERRFI1,FALSE
FOCAD-AS1,FALSE
AC008397.1,FALSE
OSBPL6,FALSE
AC004828.2,FALSE
SLCO4C1,FALSE
PDIA5,FALSE
ZBTB32,FALSE
SMOX,FALSE
CD320,FALSE
MAP2K3,FALSE
NRIP3,FALSE
PADI2,FALSE
TEC,FALSE
DNASE2,FALSE
ENOX2,FALSE
PARP1,FALSE
AC040169.1,FALSE
MCUR1,FALSE
CEP112,FALSE
LEF1,FALSE
NUDT4,FALSE
THRB,FALSE
COPZ1,FALSE
TVP23C,FALSE
NME4,FALSE
ARHGEF11,FALSE
LRFN5,FALSE
APOC1,FALSE
TRPC5,FALSE
LTB,FALSE
AL355304.1,FALSE
MIATNB,FALSE
MAST4,FALSE
NUDT22,FALSE
SCARB2,FALSE
TXLNB,FALSE
AC084026.1,FALSE
NDUFB6,FALSE
BOLA3,FALSE
MOB1B,FALSE
E2F2,FALSE
DPP7,FALSE
AL356776.2,FALSE
TEX41,FALSE
AC008083.2,FALSE
INTS2,FALSE
YLPM1,FALSE
KCNH8,FALSE
ZNF250,FALSE
RCN3,FALSE
ATP5MC3,FALSE
UBR7,FALSE
SESTD1,FALSE
AC005532.1,FALSE
TXNDC16,FALSE
XRCC2,FALSE
HIST1H2BH,FALSE
AL591518.1,FALSE
MIEF1,FALSE
LINC00589,FALSE
MYO6,FALSE
RASSF3,FALSE
BNIP3,FALSE
COL1A1,FALSE
TOP1,FALSE
ZBTB8OS,FALSE
MAP3K11,FALSE
KIAA1324,FALSE
LINC00511,FALSE
TSPAN12,FALSE
SPC24,FALSE
USP1,FALSE
STK38L,FALSE
SIAH2-AS1,FALSE
TMPO,FALSE
CCDC28B,FALSE
CDC42EP4,FALSE
SCIMP,FALSE
AC025423.1,FALSE
MB21D2,FALSE
CASP10,FALSE
GATM,FALSE
LRGUK,FALSE
A1BG,FALSE
SLC50A1,FALSE
WEE1,FALSE
THAP2,FALSE
LBX2,FALSE
NPIPB6,FALSE
AFMID,FALSE
SMIM40,FALSE
ME1,FALSE
NNMT,FALSE
AC243965.2,FALSE
ACTN1,FALSE
OSBPL5,FALSE
LIG1,FALSE
ALCAM,FALSE
EFCAB5,FALSE
AC044849.1,FALSE
PTH2R,FALSE
GRAMD1B,FALSE
