"p_val","avg_log2FC","pct.1","pct.2","p_val_adj","cluster","gene"
3.94875851573344e-76,1.02005052367562,0.461,0.322,8.15339658328641e-72,"0","SMIM14"
5.17569175128983e-80,0.943695671435375,0.474,0.324,1.06867683280632e-75,"0","CD70"
5.03551899628276e-33,0.82297289828833,0.352,0.268,1.03973396235246e-28,"0","TNFSF9"
1.11617822495556e-30,0.756656098249685,0.358,0.275,2.30468479888824e-26,"0","TNFRSF13B"
8.72428605716036e-22,0.747427394654964,0.312,0.251,1.80139058508247e-17,"0","RGS19"
0,0.737293298884905,0.991,0.946,0,"0","RPS3"
1.03259719980821e-320,0.708940044491011,0.975,0.905,2.13210669816398e-316,"0","EEF1B2"
2.56947798777808e-177,0.701800789794576,0.876,0.771,5.30545814916418e-173,"0","TOMM7"
0,0.701222184100998,0.996,0.965,0,"0","RPS12"
7.99413646813381e-99,0.698578182909823,0.707,0.594,1.65062929794027e-94,"0","GAS5"
5.4822422633202e-223,1.59296069026533,0.285,0.067,1.13197338253036e-218,"1","ZNF804A"
1.38442461281065e-155,1.54174323931732,0.265,0.08,2.85855994053143e-151,"1","IL2RA"
9.50525441439383e-125,1.48837151246035,0.305,0.124,1.96264493148404e-120,"1","CDK2AP1"
3.38136344144781e-311,1.48418977980891,0.598,0.226,6.98183923390145e-307,"1","LINC01857"
1.14413019211735e-189,1.42417813311643,0.423,0.166,2.36240002068391e-185,"1","HCST"
8.03567878345333e-210,1.3519359787107,0.311,0.084,1.65920695520744e-205,"1","TFEC"
1.21058130335953e-106,1.30505551202552,0.257,0.097,2.49960827517676e-102,"1","NCR3"
6.94973581530419e-152,1.23521610216243,0.396,0.166,1.43498145114401e-147,"1","COL9A3"
5.24111833401361e-292,1.15291846757958,0.824,0.478,1.08218611360713e-287,"1","RGCC"
1.41143348327386e-88,1.02566301724724,0.253,0.105,2.91432785626387e-84,"1","PTPN12"
0,4.10222343994529,0.359,0.039,0,"2","HOPX"
0,1.9952739863229,0.656,0.23,0,"2","PDE4D"
9.76386499974594e-140,1.98869208362375,0.266,0.08,2.01604284514754e-135,"2","LYPLAL1"
3.38664504329623e-121,1.85549662429261,0.312,0.121,6.99274468539805e-117,"2","SCPEP1"
1.73353782922449e-124,1.84948647904662,0.264,0.084,3.57940890978273e-120,"2","SCIMP"
9.53356623452895e-180,1.75102574277882,0.34,0.103,1.96849075610554e-175,"2","KYNU"
4.31895450333788e-117,1.6854688673288,0.372,0.169,8.91777725849205e-113,"2","ITGB2"
3.28624287116549e-79,1.62566580809634,0.312,0.151,6.7854342803825e-75,"2","DUSP4"
5.18476869177409e-219,1.54871124663305,0.729,0.44,1.07055103947751e-214,"2","S100A10"
6.78816524957582e-87,1.49114992554165,0.406,0.225,1.40162036073241e-82,"2","S100A4"
1.37670806190816e-109,2.34834413194962,0.267,0.098,2.84262680622798e-105,"3","IL4R"
1.79678014462936e-289,2.34374124850192,0.639,0.302,3.7099916426307e-285,"3","YBX3"
6.17276036867989e-156,2.2198243687573,0.383,0.152,1.27455156092502e-151,"3","FCER2"
6.02921753318229e-89,2.20068567833809,0.256,0.104,1.24491283625148e-84,"3","S1PR1"
1.30736816260606e-66,1.89038206943457,0.341,0.198,2.69945378214899e-62,"3","CLEC2B"
6.88605734737637e-68,1.75430676354382,0.313,0.167,1.42183312108627e-63,"3","CD72"
5.44820545799756e-170,1.71586669312453,0.655,0.464,1.12494546296734e-165,"3","TMEM123"
9.55941121749935e-79,1.71364420565826,0.426,0.272,1.97382722818927e-74,"3","KLF3"
6.91931258562865e-31,1.32311623606517,0.309,0.216,1.4286996626806e-26,"3","FCRL1"
3.59826491036764e-18,1.24762937391723,0.303,0.25,7.4296973869271e-14,"3","MXI1"
3.03093984736806e-186,6.03415009202559,0.468,0.149,6.25828459684557e-182,"4","IGHV3-23"
8.0718504206212e-129,5.89407353173021,0.3,0.088,1.66667567484986e-124,"4","AC233755.2"
7.86232262969566e-22,5.73703880446864,0.302,0.176,1.62341237657956e-17,"4","IGLV1-44"
3.84433015287049e-42,5.70359700934593,0.412,0.225,7.93777289964699e-38,"4","IGHV1-18"
9.71130225222789e-26,5.6393500797413,0.295,0.164,2.00518968904002e-21,"4","IGHV1-46"
0,5.62653899910566,0.41,0.06,0,"4","IGLV6-57"
3.07923606545467e-261,5.61079923754534,0.292,0.046,6.35800662795081e-257,"4","IGKV3D-20"
1.31126899308503e-186,5.48310187656477,0.322,0.077,2.70750821692197e-182,"4","IGKV1-27"
1.02368646604907e-48,5.46914374667011,0.31,0.139,2.11370781509812e-44,"4","IGHV3-11"
2.50598480424965e-120,5.37978483948591,0.305,0.092,5.17435742381467e-116,"4","IGHV3-33"
3.7310198736937e-43,3.22992203313275,0.251,0.093,7.70380983520275e-39,"5","ST6GALNAC3"
9.270753041828e-109,3.0808568282581,0.528,0.22,1.91422508807664e-104,"5","PRKCE"
1.69441181110276e-111,3.02008419182422,0.628,0.331,3.49862150756499e-107,"5","EBF1"
5.01381315035023e-121,2.95803290283807,0.633,0.318,1.03525213928432e-116,"5","LINC01619"
2.75643424570359e-47,2.95140741831833,0.29,0.115,5.69148543052877e-43,"5","AUTS2"
1.99770503060854e-48,2.90666204069947,0.333,0.148,4.1248613472005e-44,"5","DLEU2"
6.72398062861355e-30,2.86960442093302,0.317,0.174,1.38836752019613e-25,"5","CCSER1"
7.54698047109419e-31,2.83082873949892,0.409,0.268,1.55830052767153e-26,"5","CMSS1"
2.78111123284275e-61,2.81762938725824,0.429,0.209,5.74243847357371e-57,"5","BTBD9"
6.74107082927648e-28,2.78312576307319,0.268,0.136,1.39189630482901e-23,"5","AC016831.7"
5.84163066385901e-197,4.55908639822777,0.328,0.043,1.20617989947361e-192,"6","HSPA6"
3.36287410355241e-309,4.5354477753055,0.799,0.226,6.94366244901502e-305,"6","HSPA1A"
1.60784353556366e-227,4.32355119572151,0.815,0.357,3.31987533223185e-223,"6","DNAJB1"
7.4579340507701e-276,4.25635561162312,0.824,0.284,1.53991422280301e-271,"6","HSPA1B"
9.13357465938548e-78,3.63683799299679,0.285,0.076,1.88590049566991e-73,"6","BAG3"
2.25589940312645e-80,3.20275129517004,0.513,0.243,4.6579810875755e-76,"6","HSPB1"
5.16359112210574e-91,3.04112599614494,0.652,0.384,1.06617829489239e-86,"6","GADD45B"
3.47523907384657e-45,3.02459457903917,0.339,0.145,7.17567363967841e-41,"6","TNF"
2.30953619334653e-232,2.9985409895683,0.968,0.75,4.76873033202192e-228,"6","HSP90AA1"
2.04103626797592e-149,2.98063612093614,0.718,0.341,4.21433168611669e-145,"6","HSPH1"
0,8.24109558948244,0.323,0.002,0,"7","LHFPL6"
0,7.81678638645368,0.307,0.002,0,"7","DIAPH3"
0,7.66594556358176,0.261,0.001,0,"7","AURKB"
0,7.2043444181995,0.413,0.004,0,"7","MYBL1"
0,7.14962405024992,0.376,0.005,0,"7","RRM2"
0,7.11063158148457,0.258,0.002,0,"7","CDT1"
0,7.01547904619936,0.348,0.004,0,"7","PCLAF"
0,6.870964612096,0.27,0.005,0,"7","SLCO3A1"
0,6.74946605376091,0.398,0.004,0,"7","MKI67"
0,6.6711782358349,0.32,0.002,0,"7","BIRC5"
6.46171234339761e-153,3.50093528737293,0.667,0.143,1.33421436466474e-148,"8","MYC"
3.58033089055441e-145,3.33684572493887,0.774,0.218,7.39266722281675e-141,"8","MIR155HG"
6.50490985917058e-103,2.9759792868955,0.502,0.108,1.34313378772154e-98,"8","PLEK"
4.16238700262225e-96,2.92914479533399,0.466,0.098,8.59449668301443e-92,"8","NOP16"
4.26604788210155e-43,2.77643140140884,0.373,0.124,8.80853566696329e-39,"8","NME1"
2.07948707669126e-106,2.76653066769856,0.545,0.123,4.29372491595211e-102,"8","SEMA7A"
1.27169900612163e-74,2.7032788079053,0.559,0.178,2.62580410783995e-70,"8","FABP5"
8.99612334738634e-73,2.65584896441746,0.355,0.071,1.85751954876833e-68,"8","SLC9B2"
1.14651264581588e-60,2.65295145957077,0.373,0.091,2.36731931108063e-56,"8","ZBTB32"
1.13552161308691e-50,2.54124998856927,0.294,0.066,2.34462502670185e-46,"8","STEAP1B"
0,7.89281712161825,0.787,0.044,0,"9","IGHV4-55"
9.58354119473192e-256,7.38379522309837,0.968,0.178,1.97880958588825e-251,"9","IGHV4-31"
0,7.23358134154231,0.9,0.068,0,"9","IGHV4-28"
7.93323565261686e-272,6.38574352635264,0.973,0.162,1.63805449755233e-267,"9","IGHV4-61"
0,6.11286437240053,0.878,0.043,0,"9","AC233755.1"
7.62106389222454e-127,5.88530887241294,0.267,0.02,1.57359727246652e-122,"9","IGKV3D-15"
1.62828496784803e-09,4.47771787485956,0.81,0.57,3.3620828016126e-05,"9","IGKV3-15"
4.59036684423108e-26,4.36462262485445,0.52,0.2,9.47818945996833e-22,"9","IGKV1-17"
0,4.34774464151053,0.95,0.098,0,"9","IGHV4-59"
4.20745024226195e-05,4.28998025840046,0.258,0.14,0.868754326022248,"9","IGLV3-25"
0,6.08743191114639,0.989,0.085,0,"10","IGHV3-48"
9.26886414707379e-119,4.39484601297266,0.995,0.653,1.9138350690878e-114,"10","IGKV4-1"
4.58476769731959e-231,4.0932177066492,0.989,0.198,9.46662834142549e-227,"10","IGHV3-21"
4.11219208859637e-26,3.0970729355477,0.598,0.439,8.49085422453378e-22,"10","MT-ND6"
1.0315590957044e-102,2.92363235752354,0.307,0.029,2.12996322081045e-98,"10","IGHV3-13"
0.000190414351542066,2.35228847137642,0.259,0.196,1,"10","AL138963.4"
2.19902785829188e-13,2.33108893427532,0.534,0.496,4.54055272180107e-09,"10","MT-ATP8"
4.07833951546887e-71,2.23429755013357,0.91,0.819,8.42095543154013e-67,"10","MT-ND5"
6.42921086166518e-85,2.07710794809875,0.963,0.893,1.32750345871663e-80,"10","MTRNR2L12"
9.09018597445087e-77,1.55332258869517,0.894,0.534,1.87694160000461e-72,"10","IGHM"
4.91458270146747e-52,5.95000762883807,0.423,0.098,1.014763036199e-47,"11","IGHGP"
3.62669858948547e-92,5.7822955738251,0.349,0.041,7.48840724756959e-88,"11","CADPS2"
1.00117117693866e-45,5.53958403545068,0.417,0.106,2.06721824614294e-41,"11","IGHG4"
1.02140798817727e-06,5.41845063079388,0.303,0.188,0.0210900321398842,"11","IGLC3"
5.23719445085308e-199,5.40949189149096,0.88,0.151,1.08137591021214e-194,"11","FNDC3B"
5.49889898138625e-70,5.32022700707015,0.28,0.034,1.13541266167663e-65,"11","ACOXL"
5.30693216150907e-96,5.16079459544124,0.337,0.036,1.09577535270839e-91,"11","ESR1"
2.65596847680909e-08,4.95354755243714,0.623,0.538,0.000548404371091541,"11","IGHM"
5.26544481423302e-10,4.872181386676,0.314,0.163,1.08720904524283e-05,"11","IGLC2"
1.33261668822818e-09,4.64388159442134,0.291,0.143,2.75158693785354e-05,"11","IGLC1"
